account,type,messages,users,urls
AA8203AA15,channel,0,0,0
AA821EE,group,24011,479,4
Aa82269958,group,11,12,7
aa8245,channel,7,3,0
aa8247,channel,10,6,9
aa8271416,channel,0,1,0
aa828282882,channel,11,1,18
Aa8282888,channel,35,43,0
aa_77md,channel,2438,802,501
Aby_akA,group,114968,621,177
ace53,group,0,1,0
achatsventesgwada971,group,1058,286,23
Activity_cn,channel,11,5667,0
adbsakjdbasjkdbkasjbdk,channel,1,13045,6
adgogo_bot,channel,0,1,0
adnew,group,3,5,1
adsalmaty,group,3,5,0
aebacarat15226868,group,330,3029,29
AFUNCHANNEL10,channel,190,52889,248
agclub8,channel,3,26815,4
agclubagent,group,1,9534,2
Ahm_n789,channel,9,43,0
AH_1Sec,channel,5,1,4
aim_sei07,channel,78,4,0
AINI77MALL,channel,11,169,2
ak37682,channel,2,33,2
ak3768a,channel,4,7,3
ak3768c,channel,3,335,3
ak3768d,channel,3,420,3
ak3768i,channel,2,236,3
AK3768q,channel,3,478,3
ak3768qwe,channel,1,3083,2
AK3768w,channel,3,453,3
AK3768z,channel,3,359,3
ak4544,channel,1,11,1
ak456774,group,372,24,29
ak4567893,channel,0,1,0
Ak4580W5cD,group,2233,25,0
ak45bshxxh,group,32,149,2
AK45Creations,channel,13,1643,13
ak45_creations,channel,125,504,143
AK553710,channel,2,274,3
AK55373,channel,8,5552,2
AK5537a1,channel,6,32,2
AK5537aa,channel,31,11285,9
ak5537a_ak55372_urd95270_zucai11,channel,0,11,0
AK5537D1,channel,8,8747,2
AK5537g,channel,10,5559,2
AK5537j,channel,3,402,2
AK5537N,channel,2,678,2
AK5537o,channel,17,899,5
AK5537_chat,channel,96,4590,4
ak559,channel,39,31,0
Ak55l,group,9824,15,35
ak6755hjva,channel,133,18,1
AK676667,channel,0,2,0
ak67777777,channel,6,12,4
ak67932,channel,5,3,4
AK6793j,group,13,51,12
AK6793l,channel,4,33,6
ak6793m,channel,4,623,3
AK6793p,group,13,65,12
AK6793Q,channel,1,1876,1
AK6793qw,channel,1,2095,2
ak6793x,channel,5,272,3
ak6793z,channel,7,7,8
ak6793_a,channel,4,98,2
ak67m,channel,94,20,0
ak690KH_900,channel,105,492,66
ak6945973,channel,0,1,0
ak69696969,channel,37,5,10
ak6979513,channel,6,14,0
ak69988,group,24610,1362,33074
ak69hkeg726h3736547eieh7r3hrj,channel,28,8,0
aka731P3cD,group,2260,24,0
Aka777999,channel,0,567,0
aka7evenststar,group,2798,225,739
AKATIAMIAMO,group,1006,344,385
akr331_hbz77_ktw88_ace86_ueu22,channel,0,1,0
aktiveatheidenhain,group,22,20,0
aktiveatheidenhainKanal,channel,0,4,0
AlbertoLineroGo,channel,297,1265,201
AlipayHKcity,group,0,1,0
alipayhkp2p,group,89,23,0
AlipayHkshare,group,1,0,0
aliyzkcom,channel,2,27,0
Almaty_42500_bot,channel,2,524,4
ammunationaus,channel,13,6,0
amucosmetics,channel,6518,54421,70
ANABOLIC_STEROIDS_Dubai,channel,0,54191,0
Anand_rathi_official,channel,98,53366,0
and8686886,channel,0,1,0
and8807,group,7106,2650,2
AND8Dg,group,142,28,6
AndreasINV,channel,9,3,6
anjaleemethsaraofficial,channel,40,161,27
an_13838,group,0,1,0
aolong779044,group,4,3064,0
aolong77904a,channel,3,163,0
Apvip777,channel,0,1,0
Arman62_wallisandfutuna,channel,0,2,0
Arthur_7771,channel,126,519,71
arthur_the_snowshoe,channel,66,3,0
Artichokecafe,channel,29,95,14
artichoker,channel,48,45,0
artichokestudio,channel,12,85,0
artichoke_collction,channel,98,560,1
artichoke_kam,channel,55,65,0
artichoke_workshop,channel,59,62,11
Artissts,channel,47,2,23
AS9P4CFcm5k3N2Y0,channel,0,1,0
as9pj,channel,1,1,3
As_te22,channel,506,52,2
AtillaYrtsvn,group,12268,4345,538
ausblndg,group,251,18,5
av35477,channel,0,22,0
Avaghana,channel,27,0,50
awestruck12458,group,0,1,0
Awestruck9Macri,channel,0,317,0
awestruckas,channel,17,3,6
awestruckthe,channel,45,1,0
AWM40,channel,0,4,0
AWM43,channel,1,17,0
awm44444,channel,31,2,1
AWM4ik20,channel,13,6,4
axes5,group,28,235,20
AxeSay,channel,513,53686,308
AXESET,channel,5448,22469,0
axesmetaverse_phl,group,4633,391,357
axesovmi,channel,3179,4422,11
axesq,channel,0,300,0
axp365axp,group,0,1,0
axp365fm,group,7950,49,2779
axp365_mo,group,0,1,0
axp365_seahs,group,0,2,0
Azi901,channel,0,52,0
azI90fdi,channel,187,6,0
azi9ght,channel,0,8,0
a_77med,channel,839,1517,0
A_B33333,channel,771,30,0
a_za313,channel,4844,2777,2
B333333,channel,13,191,0
b333333333330pq,channel,90,32,18
B33333I,channel,2,3,0
B3333I,channel,407,293,3
B3333K,channel,1056,4,2
B6089333,channel,11940,421,5198
Bahar_nightclothes,channel,0,3,0
bailufaka,channel,8,13287,0
bailufakabot12,channel,4,11,16
bailufakabot13,channel,2,24,4
bailufakabot134,channel,3,14,10
bailufakabot144,channel,3,8,10
bailufakabot144add,channel,2,8,13
bailufakabot17,channel,1,1,0
bailufakaboti,group,13761,12212,5094
bailujiema,channel,5,1798,0
baiwan_667788,channel,5,40,0
bana121bhai,channel,0,4,0
baoguang02_lz777520_gttg523,channel,1,2,0
baoguangwang,channel,0,1017,0
baokhuyenmaine,group,161,1995,10
bapingseotg,channel,425,4019,1081
bar7789_A1,channel,17,360,0
bar778_A,channel,6,403,0
bas124398,channel,28,4,0
bas1245,channel,2,2,0
BASS6,channel,0,891,0
bassmaattaa,channel,18,3331,9
bassmuzic,channel,1649,153366,4
basss_musics1,channel,0,28,0
bassx,channel,63,2466,0
Bass_Denov_Muzikalar_Vkmbot_bot,channel,2251,473770,34
bass_musics11,channel,0,26,0
Bass_Music_Turkcha_Muzic_Ruskiy,channel,3878,446119,43
Bass_Muzic_Music_Xit_Muzikalar_1,channel,1404,230326,35
bazaarsingapore,group,14831,404,2406
bb8244,group,641,396,4
bb8244jh,channel,0,27,0
bb82851,channel,1,13,0
bb82c2c3b16e46d8a102964a1309cab6,channel,1,1,0
bb82sb,channel,18,46,0
bbcbbk998_buymail_mall1024,channel,1,10309,6
bcapp,group,988127,263,1869796
bcgame3,channel,3,2007,6
BCZFJKq,channel,1,2418,2
bdukfbosdbfosldf,channel,1,9969,6
be666666,group,13,2,0
bearbrickcollector,channel,0,14,0
bearbricksgdot,group,200,65,25
bearbrickspain,group,96,9,2
BearBrick_official_channel,channel,0,1,0
BearBrick_official_group,group,2,2,0
Beliefs1,channel,1212,20763,0
Beliefs8,channel,23,83,0
Beliefshoesuz,channel,682,405,56
Beliefs_lessons,channel,0,573,0
BellaVita2,channel,0,27,0
bellavitabeauty,group,1362,1604,65
bellavitamezon,channel,594,1296,7
BellaVitaMM,group,4522,788,115
bellavitawomenwear,channel,2489,9452,25
bellavitay,channel,1,1653,0
bellavita_wedding,channel,642,2616,8
BerlinLens,channel,0,1,0
bestmusik09,channel,10,24,0
BestMusik5,channel,0,4816,0
BestMusik9,channel,0,10,0
bestmusikcanel,channel,31,47,26
bestmusikinst,channel,10,807,0
Bestmusikinstt,channel,0,194,0
bestmusikr,channel,0,6,0
BestMusikStudio,channel,40,157,2
bestmusikt,channel,56,98,0
BEXCOMPANYEVERYONE,channel,0,0,0
bexcotlk,channel,14,0,0
beyzoWechipTVBOX,channel,10,15,15
bgb0908_Gotone888_wuya005_yinfen,channel,0,10,0
BGSD66,group,47854,2019,58998
bi5888,group,121,56,16
bia7749,channel,3,0,0
Biagumus_Biogomus_Byagomus,channel,50,270,40
Biba_i_po03,channel,21,8,2
biete,channel,74,161,4
BietyAnnouncement,channel,44,3040,2
bietyofficial,group,781,2694,15
big58581,channel,2,5,0
BIGPRO114b,channel,1,4,4
billionairePrince777,channel,0,1,0
Bioo_1sec,group,85,162,13
Bio_1sec,group,1,0,0
blablablabla97_hebahoba61,channel,4,70,1
Blacked_Pure_Taboo_Vixen_Tushy,channel,7,119967,10
blacked_pure_vixen_taboo_tushy,channel,0,110509,0
blacked_vixen_tushy_taboo_pure,channel,0,77509,0
BlackPink,channel,6,5034,0
black_day7,channel,0,19,0
bli1688,group,11522,15,0
blmenu,channel,1,943,1
bn456n,channel,140,71,0
bolajon_dunyosi1,group,517,25,2
boldxxx,channel,313,5,11
bomashuju188,channel,1,12606,5
bomashuju1881_lz8858,channel,1,16016,4
bomba_bass_musics1,channel,0,1,0
bonsplansimmo971,group,493,2101,29
Brackleyii,channel,2,98,0
breaking_beliefs,channel,913,50954,0
BridgeheadDetailing,channel,0,3,0
bulusiseo1,channel,11,510,3
bulusiseo233333,channel,7,10,0
bulusiseo3,channel,7,1547,3
bulusiseoo,channel,1,924,3
BULUSISEOq,channel,1,1593,2
BungaaEECushionSakuraEdition,channel,0,3,0
bunny114,channel,2,55,2
burger,channel,0,165,0
businesswoman0,channel,0,1,0
businesswoman8,channel,13,1035,3
Businesswomanlennys,channel,234,107,62
businesswoman_fabirlic_sitora,group,2024,2146,13
businesswoman_guru,channel,39,690,0
bv330,channel,15,7425,0
Bv333,channel,0,1,0
bv33333,channel,0,1,0
bv33a,channel,0,60,0
BwJykK2020821101147,channel,0,1,0
bxjxxjx,group,0,17,0
BybitSouthAfrica,group,165877,15838,5559
C6666,channel,111,2203,0
c91900e64dd74fd5a5851ab0f08a6aee,channel,0,2,0
c9192cc9913f486ea5a4328dada0887a,channel,0,1,0
c9193,channel,84,1,45
C91988,channel,13,6,0
c919fbce01ae4364b99d5d5398ec156a,channel,0,1,0
C919_cn,group,0,4,0
ca804f6c632b44acb19bec8653619864,channel,0,1,0
ca8078696dc04b1ea8096e5712c10fec,channel,0,1,0
CA80909,channel,11,2,2
ca80c1eddc6d4bed8e855178e417449c,channel,0,1,0
ca80cf6a6a634f45a0cd51b64ac90dfc,channel,0,0,0
caifu88983,channel,0,8691,0
caifu88986,channel,0,7622,0
caifu88988,channel,0,3157,0
caifu88989,channel,1,402,2
caifu8898i,group,0,541,0
caifu8898l,group,0,543,0
calisthenics,channel,50,2243,0
Calls_100X,channel,0,252151,0
CambrianSudbury22,group,3064,451,459
canalaka7,channel,11,23,5
candyofficialsSo2,group,1,1,0
CaraXessoriess,channel,35,3002,17
cargirlTeenie,channel,0,1,0
catcare_expert,channel,0,155,0
cbmxkhd,channel,0,1,0
CCK61region,channel,1319,194,38
cck62,channel,0,6,0
cck62b,channel,0,2,0
cck666383,channel,1,6,2
cdcrvy,channel,0,1,0
CDDC77,channel,1,95,1
cdxxxcxxsss,channel,23,1550,0
cejia,group,9,6,1
cejinwo,group,0,2198,0
cejitoken2,group,2602,2431,99
cejitokenchat,group,159,707,2
cejitokenn,group,720,2888,13
cejitokens,group,4,93,6
Celibatebeast,channel,42,2,14
celibatecooking,channel,9,36,0
CelibateinRiyadh,channel,0,24,0
celibaterprashant,channel,0,12,0
CHATIK3229_4898,group,1045,4,10
chdh007l,channel,28,387,35
chemistrydrmostafa,group,0,202,0
chezeeey,channel,8,8,0
chillcastle,channel,1576,28805,49
chi_89985,group,0,0,0
choisehooninstocks,channel,193,161,1
Chto_to11906,channel,14,3,0
ci99aftrsad,channel,23,5,2
ci99ar,channel,12,1,0
ci99aretafters3x,channel,0,129,0
ci99arettes,channel,36,2,0
ci99arettesaftrsx,channel,7,1,0
ci99ha,group,3,1,0
ci99hh,group,0,0,0
ck9944,channel,1119,96,827
ck995578,group,6,19,1
CK999111,group,3049,44,47
Ck9991112,channel,17,2,0
ck99k,channel,30,5,20
CM98V3yk4M4ZThi,channel,0,1,0
cn1949,group,167425,4297,83217
cn1988com,group,219,169,4
CNAVD_VIP,group,98,2175,0
CnD_VIP,group,11076,504,445
cnit_seoyoung,channel,1562,54,78
cn_MetaMask,channel,23,17968,27
coastline,channel,0,1,0
coca2288,channel,2,40,0
cocaexpress,group,100,987,0
Coin919,group,988688,343,1781487
cokraty,channel,0,205,0
cokrel,channel,0,170,0
coKrFvodtYZT,channel,97,169,0
cokrhul,channel,0,182,0
cokryy2wme,group,2,32,0
cokRZCiQ08251806,group,1502,575,235
commercial_bank_OfEthiopian,channel,0,218,0
convocator_fistfight,channel,2,1,0
cosmes,channel,412,5,3
cosmetic_flora1,channel,465,86608,407
covid19,channel,1528,21425,307
cp79421,channel,4,3,0
cp79422,channel,2,4,0
cp7942_dr8899_uy454_zcash24,channel,0,1,0
CRICKET_MATCH_LIVE_LINE_SCORE,channel,182765,603858,26241
CritoMANY,channel,0,0,0
crusial_on_yandex,channel,0,1,0
cryptaxbot,channel,1,411,0
CryptoPointHi,channel,762,56673,735
CryptoScanner100eyessignale,channel,1907,246049,130
cryptovariantpreorderrx580,group,0,1,0
CT24hchuhaiq,group,19,515,32
ct2ncloudnode,group,2,410,0
cunganhemvebo6868,group,14835,1611,315
cuongcon12,group,1103,330,182
cY60242o,group,2,153,0
cy60RoWfMdB8rxjAcJmsLGU,channel,2,2,0
daddydrugbox,channel,77,34,2
dailySEOkeywords,channel,1,2,0
DAISO_DB_1,channel,0,1,0
dalpolimetall,channel,404,571,26
dalpostore,channel,18,10588,0
DALPPO,channel,9,20,0
dalprt,channel,0,28243,0
DalPrud,channel,78,248,21
Darushmalmi,channel,1,6,1
Darushmalmir1,channel,3438,105842,0
Darushmalmir1taha,group,0,4,0
Darushmalmirremix,channel,1,60,2
dasodadas,channel,0,441,0
dasodaS,channel,459,28,4
dasodaso77,channel,0,1,0
DataFBI,group,1661,331,4
datajienterprises,channel,8,20,16
Day7600,channel,49,207,0
day7tube,channel,2,286,1
DB3vMAg5kEgzNjhl,group,33,852,5
DBPacklands,channel,9,14,0
ddulchanglife1,channel,0,3,0
dduliban1,channel,0,5,0
Deals_of_the_day77,channel,144,129,56
Dear_Father_Gajab_Thai_Gayo,channel,0,4209,0
Death_day7,channel,77,354,1
debtfree_vip,group,2406,786,24
DeepHouse0,channel,258,6136,0
DEEPHOUSEDEEP,channel,326,6180,0
deephousemusicllll,channel,0,17874,0
DEEPHOUSEMUZIX,channel,54,9921,0
deephouset,channel,221,211,0
deephouse_musik_sound,channel,238,55533,0
deephouse_soul,channel,0,1350,0
deephouse_topless,channel,0,792,0
DeepStar7,channel,115,12607,53
deep_house_one,channel,3640,13241,4
Delavaaz,channel,666,18039,1
desivdo21,channel,40,808,117
desivdo2o,channel,12,2785,3
dibaimeizi,group,17,19,1
Dilyamalak,group,685,6254,8
dior646455,channel,0,101,0
DirtyHits06,channel,2,4130,4
Disenthrall,channel,10,1,2
djgianmixes,group,3060,23357,64
djsfrommars,channel,67,6094,86
DLLULUq,channel,1,225,2
DNA_med2021_Aleppo,channel,1,1483,1
Dokmesaraymadar,channel,0,8,0
DolphinFall,group,0,5,0
dou_48980,group,0,1,0
DownstateNeuro,channel,0,7,0
downstatepatriots,channel,1,1,3
Downstate_medical_center,group,1,1,1
dpppngti97i,channel,9,2,6
dpppngti97l,channel,8,2,6
dr88991,channel,3,5,0
Dream11AhirRk674,channel,39,4,4
Dreazms,channel,0,4,0
DrJordanPeterson,channel,294,67436,288
drugbox0,channel,2,10,1
drugbox2,channel,2,1,0
drugboxc,channel,2,2522,3
drugboxlivecast,channel,0,1,0
DrugBoxOrderInfo,channel,0,3,0
drugboxQ,channel,0,1,0
DS889900,group,9200,68,16
ds889933,group,4,48,2
ds8899669,group,1141,389,264
DS889q,channel,1,2642,1
DS889qw,channel,1,2155,2
ds889_a,channel,4,99,2
dsfbdflosdbf,channel,1,10985,6
duo677,channel,0,2050,0
dx168dxl,channel,35,389,21
Dyat_kovo_Ishim,channel,0,201,0
dyp3854231f,channel,31,5,14
dysjw,channel,0,66,0
DZVDSBSZXBDZV,group,0,891,0
e108382,channel,3,420,2
e108384,channel,3,285,2
e10838l,channel,3,278,2
e10838o,channel,2,684,3
e10838q,channel,1,1862,2
e10838_trace88_AK5537,channel,0,2,0
e20mg,group,2,4,0
eagerly0,channel,0,3,0
eagerlyminin,channel,1255,34,18
eagerly_tv,channel,28,424,0
ear100530,group,101913,338,0
ear151,group,94,22,24
ear1king,channel,0,33,0
ear1m,channel,191,21,20
ear1pov,channel,42,38,0
ear1radio,channel,0,54,0
EARNING_7771,channel,0,1189,0
Easy_Money_RS22,group,14392,238,11968
eatbaobaoboonkeng,group,6,139,3
echo1881,channel,3,49,3
echo1888,group,0,5,0
echo18888,channel,0,1,0
echo1889,channel,0,1,0
edhhukbsobdadad,channel,1,9982,6
ee4776,group,2122,8,9
EE47EE,channel,243,182,0
EFhkLX2020824154946,channel,0,2,0
egovbotkz2_0,channel,0,2703,0
egov_42500enbekkz,channel,0,607,0
ehsengineers,channel,28,1022,18
ehsens454361s2det,group,4,9,0
Ehseo,channel,7,3,0
ehseo61,channel,4,103,2
ehseo66,channel,1,20,3
ehseo666,channel,1,2865,3
ehseo6q,channel,1,1731,2
ehseo6qw,channel,1,309,2
ehseo6qwe,channel,1,793,2
ehseo6u,group,11,122,33
ehseo6w,channel,2,39,4
ehsespana,group,536,1328,590
EK76761,channel,0,5,0
EK76766,channel,52,12,29
EK7676A,channel,1,1,0
ek7676d,channel,13,3,0
EK7676df,channel,2,3,3
ek7676i,channel,19,41,32
EK7676k,channel,4,340,2
ek7676q,channel,5,752,8
ek7676y,channel,4,9,2
ek7676z,channel,13,3,0
ek76_2gamers_in_1_soul,channel,0,2,0
Eleemosynary,channel,0,1,0
ElMorioPro1,channel,1,1459,2
ElMoriopro11,channel,1,213,1
el_gh22,channel,1174,141,0
em0zhiv,channel,240,6,3
empire777jp,channel,96,53,136
empire777Ong,group,2003,110,3644
empire777prothailandofficial,group,60,864,0
Empire777Thai,channel,127,716,13
Empire777TipsOng,channel,2028,116,3696
EMPIRE777_MalaysiaOfficial,channel,123,1118,174
EMPIRE777_Official,group,120,5718,164
Emzetscattergaming2,group,9573,1151,2061
EpcFAQ,channel,1,5,0
epcfarilaherviana,channel,0,13,0
epcfest,group,343,64,28
ePcFpwOBN,channel,2,2,2
erotika_138383939393,channel,0,5,0
ESC36T,channel,0,53,0
ESC3701group,group,1756,759,111
esc376,channel,92,3,1
esc3ndol,channel,6,4,0
esc3pee,channel,44,296,2
esc3peee,channel,18,15,1
escapefromtarkovEN,channel,595,6781,316
escapefromtarkovRU,channel,638,22402,389
escapipavlentiy,channel,363,310,116
Eschatology,channel,3,6,0
escorte_levrette_sodomie_france,channel,2,21070,2
escorte_sodomie_exclu,channel,5,36492,8
escorte_sodomie_exclui,channel,0,31667,0
escorte_viol_sodomie,channel,7,23852,12
estarlinkk,channel,5672,177592,61
estarz2,channel,44,2749,65
estar_global,group,182,697,2
etattraficguadeloupe,group,1220,642,112
etn4023,group,0,18,0
exams_1sec,group,75,814,16
Extraordinary_Attorney_Woo_KDC,channel,94,264879,1
Eyeliner,channel,26,188,0
facemaskkf94teamwany,channel,0,20,0
FacemaskKF94violette,channel,9,147,0
fan_48980,group,0,0,0
FB0934o,group,819,895,0
fbimov,group,0,7,0
fbi_2018,channel,6,32,9
FBI_International_Series,channel,0,39,0
fbi_master,group,72,56,3
fbi_most_wanted_series_netflix,channel,0,64,0
Fbi_Series,channel,4,164,5
FBI_Webseries,channel,0,182,0
FBI_web_series,channel,6,6,10
feelhigh77770,channel,3,46,2
feelhigh77771,channel,3,29,2
feelhigh77772,channel,0,1,0
feelhigh77773,channel,0,3,0
feelhigh77774,channel,1,17,0
feelhigh77775,channel,1,15,0
feelhigh77777,channel,30,1,0
feelhigh777777,channel,0,1,0
feelhigh77777777777,channel,0,2,0
feelhigh777777777777,channel,0,1,0
feelhigh7777a,channel,0,2,0
feelhigh7777b,channel,1,18,0
feelhigh7777c,channel,1,12,0
feelhigh7777e,channel,1,18,0
feelhigh7777f,channel,0,17,0
feelhigh7777s,channel,1,185,0
ff090700,channel,129,12,0
ff09586,group,1275,310,172
FF09A,channel,3,36,0
ff09account,channel,5,21,0
ff09xasmo,channel,50,19,0
ff755,channel,226,138,5
FF75761,channel,1,99,0
FF7576666,channel,102,36,10
FF757666666,channel,56,859,0
FF757666666666,channel,23,2388,0
ff7576a1,channel,5,1,4
ff7576d,channel,4,53,31
FF7576g,channel,34,220,20
FF7576h,channel,1,494,3
ff7576j,channel,1,765,3
Ff7576o,channel,5,3,6
FF7576q,channel,0,1887,0
ffjjbvkobj,channel,61,42,0
ffjjbvvvu7999,group,98,570,0
ffzahevixkoviszvfmx,channel,0,1,0
fifa2268,group,4910,2438,899
fifa227,group,1,56,0
fifa22coins,channel,6,128,0
FIFA22Dream,group,154,499,62
FIFA22F,group,1115,77,2
FIFA22Token_Global,group,27,1236,6
fifa22_shop,channel,6,4937,0
FIFA_22prono,channel,1521,3505,0
filotutor13,channel,19,2,4
FistFight2018,channel,1,1,2
FistFight_officialband,channel,0,1,0
fleshka_mix_16gb,channel,113,3,2
floraakubar,channel,0,23,0
FoolishTraceWind,channel,7363,12372,210
freebookspdf9999,group,3,4,0
freefire_ak69,channel,0,0,0
FreiburgimBreisgau,channel,0,1,0
frogkikyn,channel,160,16,11
frogkingcn,group,1170,59,1651
frogkingdombuy,group,229,5,13
frogkinggggg,group,0,3,0
FrogKingOfficial,group,10158,324,693
FrogkingZN,group,0,12,0
frogking_sfd,group,0,157,0
Fromb,channel,411,3372,13
from_phuket_to_bangkok,group,0,7,0
FuBo188,group,193,1032,0
fucker_birahme_redhill,channel,0,1,0
fuckjerrymarket,channel,2,317,0
FUNDESV,group,0,2,0
fundosparaorar,group,9,17,0
fungi_mission,channel,129,63,17
futsalguadeloupe,channel,210,145,127
fy878,group,20,2,0
fy8787,group,11811,57,16696
Fy87BPgh1abQqKLE29DmN,channel,1,2,0
fz6640,channel,1,8,0
fz666666666FZ,group,0,2,0
FZ6688899,channel,0,1,0
fz66fz,group,217,20,0
g555543,group,0,238,0
g555557676789546,channel,0,81,0
G55555I,channel,0,1019,0
g5555ffff,channel,17,142,0
g5555g,channel,0,104,0
g5555h,channel,0,102,0
G5555II,channel,243,500,0
G5555O,channel,5,11,0
G5555x,channel,0,498,0
ga5679,channel,0,1,0
ga568,channel,38,5,0
ga569,channel,0,6,0
ga56d,channel,114,59,4
ga56la,channel,0,0,0
Gajab_thai_gayo_dear_father,channel,1,3047,1
gallipottle,channel,114,34,0
Galxy23,channel,153,740,5
gameofspecters,group,8529,121773,15
GAMERx_FF098,channel,0,44,0
games_9779,channel,0,11,0
GamtaaBarattootaOromoo,channel,9,3921,10
gandomnightclothes,channel,5,1,0
gardencitybritishschool,channel,68,264,4
gardencitycaffe,channel,0,90,0
GardenCityLuxuryShariati,channel,58,95,0
GardenCitys,channel,6,2,0
gardencitywaterparkcareer,channel,5,72,0
gardencityweed,group,2,81,3
gardencityy,group,160,110,24
gayoh,group,19,21,4
gaytelegramgroups,group,252,11631,273
gb8811,channel,0,1,0
GBPUSDEURUSDXAUUSDUSDCAD,channel,4005,5688,40
geleizhanghaoi,group,7,446,16
geleizhanghaoo,channel,1,659,3
genzi30,channel,2,227,1
genzi31,channel,2,2,2
genzi332,channel,0,0,0
genzi336,channel,3,0,0
genzi35,channel,2,12,2
genzi37,channel,3,266,0
Genzi39,channel,2,5,1
genzi3a,channel,1,839,2
german_pdf99,channel,0,34,0
GFHGFNBVCT,channel,2,35,0
ggseo72,group,0,1,0
ggseo7q,channel,13,2587,6
ggseot22a,channel,2,61,6
ggseotd,channel,3,168,2
ggseotf,channel,5,275,3
ggseotg,channel,3,242,2
ggseotn,channel,3,24,6
ggseoto,channel,17,13,28
ggseotp,channel,13,2580,6
ggseotx,channel,3,347,2
ggseoty,channel,1,25,3
ggseotz,channel,3,304,2
Gh22051,channel,5,24,2
Gh222Z,group,107972,409,4851
gh22345666788,channel,6,32,0
gh224der,channel,0,115,0
gh22x,channel,3,297,1
ghb73829,channel,0,0,0
ghb7778,channel,173,1,190
GHB78rus,channel,3,8,2
ghfdhs,channel,2,0,0
gianieugenio,channel,2300,36839,79
gianluigiventre,channel,227,3885,150
GianPaoloFontani,channel,476,285,1243
giantcutie666,group,125567,8708,2756
giantmilk,group,120189,1816,109344
gids0089,channel,25,3179,1
GK2022,channel,86,93,1
gnpm114_via369_cbbc88_mcm222,channel,0,1,0
gooaoolui,channel,204,19,4
goodoldmusic88,group,7,18,0
googletg2n,group,0,4,0
googletg33z,group,0,4,0
googletg40h,group,0,4,0
googletg50z,group,0,4,0
googletg67E,group,0,4,0
googletg6u,group,0,4,0
googletg8t,group,0,4,0
googletgram,channel,2,3,1
Gotone8888,channel,73,3242,8
GOU1688_quan8898_liuhenbaping,channel,30,4435,4
greasepaint,channel,2,1,0
Greg_joy_Exchange,channel,8,44,0
grotterferetory,channel,89,18,2
GroundZeroIranMetal,channel,3,1554,0
growatspf5000es,channel,0,41,0
GROWATT_SPF5000ES,group,97,103,0
gruppa100baksoff,channel,3222,36952,442
gu06088,channel,53,10,30
gu0608_a,channel,4,15,3
gu06hosing,channel,16,8,2
GU369,channel,0,24,0
GUCCI_MUZ_7771,channel,3325,1250,0
gudariak63,channel,0,0,0
gzzywl,channel,155,17410,2
hadis_138382,channel,0,0,0
HaiGuiFive,group,444,22,20
haiguitang,group,14,10,0
haiguitangtang,group,7,14,0
HAIGUIVISA,channel,0,3247,0
haiguiVPN,group,1,3,0
haiguixiansheng888,group,7272,193,8851
haiguixiansheng999,channel,8,105,0
HaiWai3651,channel,4,178,8
haiwai3654,group,2068,56,19
haiwai3657,group,12411,655,5
HALIHAYOTOLDINDA_8881,group,0,1,0
hali_hayot_oldinda_8888,group,0,3,0
hamiltantvhamileehawaasakeeny,channel,0,6558,0
hamstlersexroccoanal,channel,3,2,0
hao11151,channel,4,2,6
hao11152,channel,1,603,3
Happy_Day7,channel,31,125,20
hash3,channel,1133,1586,0
hash3150,channel,5,1,4
hash3151,channel,5,3,4
hash3153,channel,5,1,4
hash3155,channel,1,53,2
hash315a,channel,5,5,4
hash315z,channel,4,3,31
hash4484com,channel,200,9272,220
Hash6689,channel,24,12669,13
hashA8_teIegram,channel,43,201,2
hashksa,channel,0,5073,0
hasho,channel,2,36,0
hashq,channel,129,140,0
HashtagMumbaiNews,group,27,7824,49
hasht_e_subh,channel,5061,9940,126
HAsia77,group,900,279,24
hatsunestudio06,channel,24,1681,0
ha_ga56,channel,3,3,0
hb59_b,channel,18,0,0
hb59_bx,channel,99,0,0
hbfiba,channel,150,33903,82
hdhdhjdjf,channel,1,432,1
he828292829199,group,1022,4,4
he828jw,group,1229,72,21
Health_Natural_Cosmetics_8,group,7521,2193,80
heidenhain_setcnc,channel,0,22,0
heimao1,group,3902,37,3002
Heimao126,channel,303,41697,0
heimao55,channel,0,3472,0
heimao6688,channel,75,38773,0
heimao9527,channel,7518,58743,10430
heimaogd2022,channel,21,3946,2
HeimaoHT668,channel,514,3233,5
heimaozilianmeng,channel,313,24301,4
help_425000bot,channel,0,181,0
heriotWattuniversities,group,1,1,0
HeriotWattUniversity,group,1199,266,923
HeriotWattUniversityMalaysia,channel,0,2,0
Hetlar_20MG,group,443,529,28
hfhfgfjfgjghjghj,group,17049,20780,235
hidoyat_sari_4898,channel,0,31,0
Hikvision_camera_977912299,channel,0,34,0
him982,group,3,1,2
himart1,channel,0,16,0
himart7,channel,10,27,0
himart9,channel,0,123,0
himartc,channel,2,1036,1
HimartKurd,channel,66,111,0
himarty,channel,72,38,2
himart_1502,channel,0,249,0
himart_supermarket,channel,0,21,0
HindiAdultMovies18,channel,0,306,0
history_ofethiopian,channel,0,34,0
hljrl,group,61560,323,64
hmz0001,group,5,12,0
hmz000132,channel,2,1,2
hmz0002,group,17356,607,2
hmz000333,channel,2,1,2
hmz0004,channel,5,1,0
hmz000b,channel,0,1,0
hmz000c,channel,0,1,0
hoangnamvb68,group,1,995,2
Hodnxb,channel,100,11,0
Hoolex1,channel,3360,26838,0
Hoolex3,channel,1,2,3
Hoolex_Music,channel,0,2,0
Hoolex_Remix,channel,3,4485,6
hoolex_vipp,channel,0,44,0
hoollex,channel,354,315,0
hsbq123,channel,10,48,0
hsbq12345,channel,14,7,2
hsbq138,group,1,19,0
hsbq789,channel,10,13,0
hsbqj,channel,124,61,0
hsbqkbskab,channel,1,87,0
hsbqlksvajdsj,group,0,2,0
httpsmo_za321,channel,0,72,0
https_Kubernetes_K8s,group,0,2199,0
htttpsHiram_Snowshoeing,channel,0,16,0
huibao001,channel,9,42138,0
huione168r,channel,3,4264,4
hwdbq1233,group,11679,20474,25
hznbueilkpqtvmtbllp,channel,0,0,0
h_n7890,channel,0,32,0
ibctamil,group,3558,7015,2447
ibest85,channel,3,12366,3
icetre,channel,251,72,1
ifundingmillionare,group,0,22,0
ihacoyyyyyyyyyy1,channel,28,4,4
ilmioviaggioanewyork,channel,33,4465,3
incestmom_videos18,channel,103,5395,103
incestmom_videosx,channel,216,12901,216
incestmom_videosxx,channel,98,6563,98
incestmom_videosxxx,channel,98,11407,97
indhutamilthisai,channel,11411,5790,20460
IndianaUniversityBloomington,channel,0,1,0
india_gk_9636340205,channel,0,52,0
infobaragesguadeloupe,channel,196,946,35
insm88_orgasm892_panda7733,channel,1,1,0
insolented,channel,33,10,0
iosid1918,channel,8,13,0
ipl_musa_9636,channel,4,60,0
iptvbestdeals,channel,5,70045,0
iptvdaznskynewbest,channel,10681,69422,5412
iptvitaliadaznsat,channel,12785,31959,12659
iptvitaliadaznsat3,channel,13253,53611,4479
iptvitaliadaznskytop,channel,0,97841,0
iptvitaliadaznultrahd,channel,0,48833,0
iptvitaliasat,channel,0,170906,0
iptvskydaznsupertop,channel,1,77892,0
iptvsupersales,channel,5,80129,0
iptvtopdeals,channel,0,49913,0
iptvv,group,90,1251,835
iptv_dazn_sky_ita,channel,3,39093,2
IPTV_ITALIA_IPTV,channel,0,70521,0
Irishka_9779,channel,117,78,1
italotrenoTelegram,channel,103,7687,0
itspriyasinghk,channel,1,20,6
itspriyasinghnew,channel,63,63,76
j907988484,channel,13,14,0
j9agentgroup,group,20,13,1
j9agentofficial,channel,2,2,0
j9agents,channel,28,17,18
j9token918,channel,3,471,3
j9tokenofficial,group,77853,5909,27370
JamikMm,channel,0,1,0
japaninsex,channel,3,1,0
japaninsideandoutside,channel,0,0,0
japaninsider,group,0,1,0
japaninsides,channel,0,2,0
JAV88,channel,0,1,0
jazan_77mharatt,group,265,978,13
JB_XYFT88888,group,0,641,0
jdks1681i,channel,14,8,9
jdks1687,channel,3,795,6
jdks1688,channel,4,477,0
jdks16888,channel,6,34,0
jdks168li,channel,12,7,9
jdks168o,channel,3,759,6
jdks168q,channel,1,1757,2
jdks168s,channel,6,4,0
jdks168t,group,1,157,1
jg_up,channel,90,213646,9
jhkijhlkh,channel,270,479,36
Jiang_Ci9999,group,2296,1156,44
jiaoyi676,channel,7,2525,2
jiema34645_ikjtydhrgfeds_smsbus9,channel,1,1,0
jiema_A2,channel,9,50993,0
jinbian1234,channel,3375,115350,565
jisosak33,channel,1,1,1
jj456b,channel,0,1881,0
JJ456f,channel,0,584,0
JJ456i,channel,33,39,32
JJ456m,channel,1,336,3
JJ456n,channel,1,352,3
JJ456o,channel,1,641,3
JJ456r,channel,1,876,3
JJ456t,channel,1,940,3
JJ456u,channel,1,914,3
JJ456y,channel,1,3196,3
jjesshaajess,channel,390,2,6
jjesshaaw,channel,12,1,0
jkeyerplus,channel,190,53,1
JMCTV,channel,2,7402,0
jmm88,group,75412,1159,10656
jmm89969,channel,2,81,0
job12315,group,1,2,0
joliwhiteninglotion,channel,0,37,0
jossnews,channel,24,162,6
joymoneymall1,group,11446,909,572
joymoneypro,channel,7,134,9
joymoneyzaim,channel,93,955,97
jsl88888,channel,48,66,0
jslep,channel,299,134,22
jslfjl,group,827,682,0
jslkdjfoijwfe8483,channel,1,424,0
JSLM6,group,13653,13463,691
jslos,group,1061,269,43
JSLoveGroup,channel,0,142,0
jslpn,channel,166,104,415
jslul,group,33555,6376,9559
jslzh,group,49680,234,11350
jstrgbv,group,183951,138,183951
Jzeruk,channel,10,1,1
k28437,channel,0,3,0
k50001,channel,2662,458,2
k500ao,channel,36,218,12
k500ki,channel,347,3375,87
k500kk126,channel,6229,7304,2
k500kk177,channel,34,146,0
k500q,channel,284,22,0
K500_1K_6_4,channel,14,1,0
k8io_crypto,group,0,2,0
k8io_vip,channel,0,2,0
kahaovl,group,22,936,31
kakaotalkgroup,group,1293,117,96
KakaoTalkk1,channel,0,3525,0
kakaotalkok,group,84,3,0
kakaotalk_duyuru,channel,11,88,1
kallangmrtuppboonkeng,channel,0,2,0
KansasStatetheand,channel,0,2,0
KansasStateUniversity5,channel,1,1,0
KansasStateUniversityXueLi,channel,0,1,0
KansasState_university,group,2,1,3
katebrush,channel,4,36,0
KateClappTelegram,channel,1329,151412,32
kateillustrate,channel,284,1437,40
KaterinaZharkova,channel,19,324,0
katevoynova,channel,272,1662,5
kate_twinsrussian,channel,501,44122,31
katong78i,channel,1,23,3
Katonga_Gaming,channel,0,229,0
katongdurian227,channel,82,195,21
katongsters,group,18963,89,101
katongyezi,channel,5,23,2
Kavkaz_Bass_Music_Xit_Muzikalar,channel,3341,231547,3
kayan9896,channel,0,1,0
Keenetic_ru,group,131095,4965,5805
keeni,group,0,2,0
keenm,channel,8,13,0
KEENNZSTORE,channel,3922,2613,11
keen_bonus,channel,1,511,0
kefuimtoken2,channel,5,13219,2
kefuimtoken4,channel,1,647,4
kefuimtoken7,channel,3,3123,3
kefuimtokenc,channel,3,10137,6
kefuimtokenf,group,4,28414,8
kefuimtokeng,channel,2,12860,0
kefuimtokenil,channel,5,16404,2
kefuimtokenl,channel,5,8024,2
kefuimtokenli,channel,5,16545,2
kefuimtokeno,channel,1,243,3
kefuimtokenq,channel,1,1878,1
kefuimtokens,channel,4,13309,8
kefuimtokeny,channel,3,25141,1
kefuwang0,group,0,1006,0
kefuwang1,group,0,19305,0
kefuwang12,channel,2,2,13
kefuwang2,channel,1,1264,2
kefuwang3,channel,1,692,2
kefuwang4,channel,1,171,4
kefuwang5,channel,1,353,4
kefuwang6,channel,1,312,4
kefuwang8,channel,1,171,2
kefuwangi,group,0,542,0
kefuwangl,group,0,543,0
KEFUWANGU,channel,9,19572,12
kefuwenwen8,channel,2,10090,2
kernel_laurel_sprout_no_912,group,9,73,0
keroros01,channel,18,36,0
KF1803,group,2,8,0
kf181xtha1,group,1,203,0
kf186789,channel,0,1,0
kf18899,channel,3,5,0
KF188KF,channel,10,16,1
kf18uo,group,51927,68,69309
kf94betchannel,channel,13,1992,8
KF94medicomN95masks,group,0,134,0
khaledashrafsec2023,channel,221,504,46
khl_official_telegram,channel,4950,25066,65
killthislove00,channel,446,29,2
killthislove13,channel,34,88,0
killthislove57,channel,0,4,0
killthislovec,channel,14,4,0
killthisloved,channel,64,4,0
killthislovesick,channel,15,5,0
KillthisloveV,channel,1,0,0
killthislovez,channel,35,117,0
killthislove_33,channel,2,77,0
kimmysun0312,channel,253,2230,204
kingkong77881,channel,0,216,0
kingkong77887,channel,1,4,0
kingkong7788a,channel,2,65,0
kingkong7788b,channel,36,1,0
kingkong7788c,channel,2,257,1
kingkong7788d,channel,4,107,5
kingkong7788e,channel,4,125,5
kingkong7788k,channel,1,1,0
kingkong7788n,channel,0,376,0
kingkong7788x,channel,1,526,0
kingprince,channel,83,251,11
King_med2,channel,0,1614,0
KinhChannel,channel,61,26664,8
KinhDownChat,group,84909,24721,1682
kinhdownkey,channel,11,1542,7
KinhDownloadM,channel,12,1721,1
KinhDownScript,channel,1,5178,0
kinhm,channel,0,23,0
kinhweb,group,3520,1132,54
KINO_2022_yilgi_138389obunachi,channel,4,1,2
kisah,channel,10,13513,0
kitsyyystore,channel,0,406,0
Kitts6,channel,286,224,1
kittso,channel,10,39,0
kittssyrs,channel,0,729,0
Kittsyaja,channel,19,401,0
kittszu,channel,1126,286,3
kj5785,channel,0,1991,0
kj57880,channel,0,1990,0
kj57882,channel,0,3379,0
kj57883,channel,0,1986,0
kj57888,group,18,208,1
kj57889,channel,1,222,3
kj578d,channel,5,0,3
kj578x,channel,5,2,3
kj578_1,channel,1,2,0
kj578_2,channel,1,2,0
KK66388,channel,52,48,29
kk66871,channel,72,95,10
KK66872,channel,14,17,6
kk66877,channel,52,10,29
kk66877a,channel,4,104,3
kk6687_a,channel,4,103,3
kk671,group,0,71,0
Kk6711,group,0,1,0
Kk6733,group,0,2,0
kk6758521,channel,0,1,0
kk6767gh,channel,3,7,2
KK678,channel,0,1,0
kk679,channel,106,28,0
kk67981,channel,29,54,10
KK67982,channel,2,20,4
KK67988,group,0,16,0
KK67989,channel,0,2,0
kk6798l,channel,1,4,3
KK6798q,channel,1,1605,1
kk6798_a,channel,4,102,3
KK67U,group,5,262,5
kk92587,channel,7,24,0
kk9258e,channel,2,144,2
KK9258F,channel,4,9100,4
kk9258le,channel,2,10075,2
kk9258lil,channel,6,16523,2
kk9258p,channel,2,3223,2
kk9258w,channel,2,186,2
kk98754,group,46,305,47
kk99ss,channel,25,22,0
kkbox1127,group,140,235,6
kkbox7,channel,1,7,0
kkbox777,channel,13,1,0
kkboxs,channel,0,1,0
kkboxsg,channel,161,53,48
KKBOXSONG,channel,0,20,0
kkk302bot_c,channel,1,4208,1
kkk302bot_e,channel,1,79,1
kkk3472,group,50,2306,4
kkk3518,group,52,966,2
Kkk3986,channel,0,79,0
KKK3H,channel,695,2059,5
KKK3N,channel,72,1179,12
kkk3o,channel,366,544,88
kkk3shop,group,10562,2169,3276
kkk6681,channel,10,18270,0
kkk66810,channel,10,2,0
kkk668111,channel,1,1,0
kkk66812,channel,0,1008,0
kkk66813,channel,0,1281,0
kkk66814,channel,0,2296,0
kkk66816,channel,0,4968,0
kkk66819,channel,7,2,0
kkk6681a,group,0,3,0
kkk6681b,channel,0,2297,0
kkk6681q,channel,1,3561,2
kkk6681_kkk6681,channel,0,4,0
kkk66871i,channel,12,409,12
kkk66872,channel,8,8777,2
KKK6687c,channel,3,761,2
kkk6687g,channel,2,113,4
kkk6687H,channel,6,90,5
KKK6687kl,channel,9,22692,2
kkk6687M,channel,15,1538,12
kkk6687n,channel,4,2250,2
kkk6687o,channel,13,9738,2
KKK6687u,channel,5,4757,2
KKK6687v,channel,3,714,2
kktimesnews,channel,98,76,0
kk_kk6789,channel,4319,54,44
km1n9yu,channel,1,5,0
km1nails,channel,124,1,0
kM1NJ30N99,channel,2,0,0
KM1NJEONNG,channel,1,1,0
km1njuq,channel,100,2,1
km1nNuusvJ8auwhhddjiaj,channel,0,3,0
kme8080l,channel,184,653,24
Kme85,channel,8,10,0
kme851,group,0,0,0
kme8oo,channel,4,31,0
kmefshagry,channel,2,2,0
kmefth,channel,0,1,0
kmefx6,channel,2,1,0
kn39ru,group,1,2,1
kn39_ru,channel,1,1,1
koldowal,group,16223,72,76
kongbainew_230106_0101,group,0,1,0
kongbainew_230107_4898,group,0,1,0
kopislbmalang,channel,0,5,0
kovokafka,channel,1138,2056,71
kovomo_lumber,group,1005,156,62
kovorkingGARAZHKA,channel,132,398,13
kovorking_bizon,channel,5,144,1
kovotojasba,channel,31,224,0
kovo_makeup,channel,27,228,0
kp564,channel,0,0,0
kptofficialnews0521,channel,160,4428,263
kqq773,channel,1,2,1
kqxsmb,group,5,2,0
kredithpmurahcepat,channel,0,7,0
krtop30,channel,11,12380,0
krtop40,channel,10,7840,0
krtop50,channel,12,18904,0
krtop60,channel,11,16201,0
krtop70,channel,10,6137,0
krtop90,channel,12,12282,0
krtope,channel,2,5263,1
krtopq1,channel,3,7917,0
krtopq2,channel,4,10711,0
krtopq3,channel,4,10793,0
ktw88_apam15_kapasu_dhmg007,channel,0,1,0
KubernetesArchitect,channel,454,1409,556
kubernetesindonesia,group,3409,3696,652
kubernetess,group,155,429,60
Kubernetes_CN,group,5321,1439,211
kubernetes_docker_openshift,channel,1,12667,0
kubernetes_news,channel,507,187,1011
kubernetes_users,group,0,146,0
Kushredhillskunk,channel,0,1964,0
Kuzya8814,channel,16,10,0
KVxR05gTAH,group,0,1,0
Kvxrae,channel,0,1,0
kvxrchdjnhiv,channel,0,1,0
kvxrhbvcaaziiu85rdxcbn,channel,0,6,0
kvxrl,channel,6,1,0
kvxrnl,group,0,0,0
kvxrw,channel,0,80867,0
kvxryy,channel,5464,63,16
kZfXEDfKPFlYzcy1,group,6,3,3
kzfxfreesignals,channel,57,1,2
kzfxkytosotsto,channel,0,2,0
kzFXWPrvUhkM2Q,group,367,21,1
kzfxyzr,group,0,0,0
kz_video,channel,0,718,0
l33666,channel,100,3,100
lab_med2017,channel,14112,4147,124
LaGuadeloupeAlerteDebat,channel,168,322,175
lanie,channel,0,2,0
laoseok,channel,13,12,9
lbzapusk,channel,92,85,26
LbZaRfAcH_BxZaErQa,channel,0,15,0
LearnEnglish_100,channel,9,41368,0
leedsbeckettmallu,channel,0,24,0
LeedsBeckettuniversities,group,1,3,1
LeedsBeckettUniversity,group,6307,1454,2277
LegoNinjagoITALIANO,channel,0,2489,0
lego_ninjago_ita,channel,1,6046,0
lelebaby,group,2,45,2
lenewsdiaka7,channel,448,151,458
LeprosariumWithinYou,channel,0,1,0
LetsGoDanceOnline,channel,67,1166,24
LichtUndAusblicke,channel,28,8,0
lineage2essence,channel,389,1337,257
Lineage2LegacyRussia,channel,268,518,174
Lineage2Russia,channel,351,1263,206
linebj5888,channel,2279,528,25
lisret,channel,3066,61,20
liuhenbaping3,channel,3,5,3
liuhenbaping6,channel,10,5431,2
liuhenbaping7,channel,36,4427,4
liuhenbaping9,channel,10,5601,2
liuhenbapingj,channel,9,5567,2
liuhenbapingl,group,1,111,0
liuhenbapingw,channel,10,5724,2
livecasino_YTN93,channel,0,3,0
Live_for_your_beliefs,group,967,5455,1067
liwinscafunsta,group,41045,10085,3665
lix_66770,channel,2,98,0
liza3363,channel,317,499,1
llegoninjago,channel,1042,2274,81
lobar_businesswoman,group,0,759,0
Lola_777hsbvcxxx,channel,0,2,0
Loot_Dealsx,channel,3672,667823,6872
lostandfoundmusics,channel,57,158,4
loster01k,channel,0,2711,0
LOSTIKTOK,channel,73,268,5
LostinMusic_CatchyBeatz,group,23280,498,129
LostInYou2018,channel,175,350,0
LostLifeclub,channel,1120,37697,655
Losttmusic,channel,13,520,0
losttoyland,channel,262,155,25
lost_frequencies_music,channel,15,181,0
lost_tg,channel,1225,139353,2
love398,group,203,2,2
loveable_apk_vkontakte_3d_love,channel,5,2,1
LovelyzPlace,channel,7,117,0
love_mee222,channel,0,16,0
lpdidmena,group,13,46,1
lz88583,channel,22,4,4
lz88585,channel,1,1,2
lz88588,channel,1,2013,0
lz8858a,channel,1,2032,0
lz8858q,channel,1,1443,2
lz8858s,channel,0,2015,0
lz8858z,channel,1,2008,0
M3atGeylangSerai,channel,130,57,26
m69mmy,channel,3022,201,3
M6_HASH_WTACH,channel,0,16198,0
macos_stable_updates_files,channel,41,10654,0
Mahabharat_old_All_episode,channel,0,134,0
MAHERxFIFA22xAli,channel,2342,5889,1564
maltworm_gallipots,channel,2,1,0
Manya,channel,4,353,4
manyangyangweixin,group,0,5872,0
manyangyangzhifbao,group,0,5884,0
manyasurveytips,channel,222,1935,4
manyhackorginal,channel,2,0,0
Manytor007,channel,4,3011,0
ManYue_DRAC,group,98,3998,0
maraki_olds,channel,0,2356,0
mary_bellavita,channel,0,860,0
mavelmedia,channel,12,78219,0
ma_77moud,channel,1985,5689,83
med22inf98,channel,21,2027,55
Med2cafe,channel,92,586,54
Med2m,channel,171,395,54
med2official,channel,461,1675,117
mehrab_pss7,channel,6,1,0
melbet_1xbet_linebet_mostbets,channel,0,681538,0
meta018,channel,54,34,1
metamask15,channel,1,2687,3
metamask330,channel,2,7701,0
metamaskBSC_bot,channel,5,38513,5
metamaskq,group,2358,99524,21
Metamaskv,channel,95,18565,50
Metamaskx,channel,22,49929,0
MetaMask_Channel1,channel,12,30278,27
MetaMask_channel8,channel,3,20891,13
metamask_cn19,group,0,581,0
mfd88,group,0,1,0
MFD8D6czq,channel,0,124,0
mfoebem,group,713,37,42
miandianwuge,channel,1366,21645,0
mianfeidaili,channel,0,9748,0
miaport,channel,1,933,2
MicroTsukaETH,channel,10,12,6
mife6,channel,0,511,0
mife9,channel,589,95,0
mifen5,group,23522,560,384
mifen7,channel,34,1780,27
MiFeng01,group,772357,11826,47966
mifeng66,channel,65,7223,2
mifengziben,group,460,3534,7
migren_1380H,group,6,21,2
migyo,channel,2,1,0
miinkoreancosmetics,channel,14,1787,21
MIKKI_MAVUS_YORADI_972,channel,14,6,1
miley_cyrus_320_diora_baird_le,channel,5,1,1
milksugar1,channel,2,2,0
milksugardad,channel,26,2,2
milksugarlife,channel,62,6,0
milksugary,channel,8,67,0
Minecrapft,channel,0,16,0
Ming_seriali_bir_1001_kecha,channel,267,556979,155
Ming_seriali_bir_kecha_1001,channel,1,304454,2
MIo3o,channel,2525,47725,0
Mioi9,channel,1343,1098,0
miolo,channel,17,395,13
mion2,channel,227,582,0
miooklp,group,6674,4590,1223
miooons,channel,27,9296,2
miopt,channel,538,1316,0
mioripng,channel,1269,34907,37
Mission_Forex,group,26,1,0
miyao020,channel,0,1800,0
miyao33333,channel,45,1753,4
miyao566,channel,0,2933,0
miyao5858,channel,55,265,0
miyao666999,channel,0,797,0
miyao6969,channel,60,1140,0
miyao99999,channel,823,1366,0
miyaoge168,channel,114,1095,4
mmmm_6677,channel,75,621,45
mndp567,channel,18,1,0
mndp5670,channel,9,2,0
mollycosmeticc,channel,4549,54907,37
monkeytaiyuan_ktw8882,channel,0,4,0
mood_a3,group,542303,2043,650
Moonscape,group,0,24,0
moqina1,group,719,9,1320
moqinafm,channel,2301,5,66
moqinaho,group,2,1,0
MoqinaMusic,channel,2932,30772,573
MoQinA_et,channel,806,9339,26
Moqina_net,channel,2696,1745,454
MoQinA_Viip,channel,0,581,0
mountsaintvincentuni,group,181,35,2
movie_old_bollywood,channel,0,3952,0
mq88000,group,331140,1187,2036
mq8888999,channel,0,0,0
mq88889999,channel,0,0,0
mq888i,channel,402,16,0
mq88999,channel,9,23,0
MQ88LINK,group,10,4,23
mq88t,channel,0,13,0
MrDuqa,channel,33,927,1
Mr_Milad_1Sec,channel,2,456,10
ms1959ms,channel,1836,1709,14
ms1987ms,channel,38,166,0
MS19B,group,1953,354,120
Ms19h89,channel,732,148,0
ms19o,channel,259,1030,0
MS19_B,channel,74,1860,0
msn08_ci99_hgp21,channel,1,2,0
msvuconnect,group,10,15,0
msVufs,group,19851,3,8
msvuu,channel,463,12,2
MTProtoShare,channel,0,5140,0
Mtsu3,channel,16,17,0
MTSUBHACREATION,channel,55,171,8
MTSUBINDO,channel,19,2515,3
mtsukiwm,channel,299,57,2
mtsunvrsk,channel,2276,1627,1356
mtsuykt,channel,451,749,143
mtsu_novokubanski,channel,924,955,39
MU5735,channel,2,50,1
MusicOnTime,channel,1551,10449,569
Music_77m,channel,172,29,2
music_ear1,channel,11,30,0
Music_NASA_9779,channel,161,51,15
musik4souls,channel,293,188,7
Muzic_BassMuzic_Qoshiqlar_Mp3lar,channel,627,228180,68
My_Vpn3,channel,104,2972,8
M_100,channel,0,296,0
N55553,group,31,71,26
N55555555y,channel,14,458,0
n55555566,channel,524,130,0
n55555986,group,44,494,1
N5555D,channel,539,277,3
N5555j,channel,241,141,0
n5555s,channel,12,35,20
n5555sgfbdhjmbbvsx,group,4,141,0
N78914567,group,1123,0,128
n7891a9211,channel,3,3,0
n78953,channel,84,54,0
n789sb,group,19,4,2
n9999000,channel,0,4,0
n999999998,channel,5,218,4
n99999999999999999999999999,channel,11,17,0
n9999999999j,channel,0,64,0
N999999999y,channel,73,2597,10
n999999o,channel,11,13,0
N9999m,channel,284,1,14
N9999Mnlove,channel,1708,17,441
NaamTamilarKatchiOfficial,channel,2,6751,0
NaamTamilarKatchiOffl,channel,96,2158,11
najimusic,channel,0,2664,0
nany7,channel,0,26,0
nanyakeji1a,channel,5,1792,0
nanyakeji1m,channel,6,1496,0
nanyakeji1n,channel,6,1143,0
nanyakeji1o,channel,6,1053,0
nanyakeji1t,channel,2,343,3
nanyakeji1v,channel,6,2608,0
nanyakejie,channel,6,47,9
nanyakejis,channel,6,43,9
nanyang3,channel,6,155,2
Nanyangdanbao_888,group,916506,8651,262902
nanyangdb,group,598473,4341,115684
nanyangoaic9,channel,98,8147,0
nanyangwsm,channel,209,7938,0
nanyu888666999,channel,137,448,211
narpay_faberlic_ulitka,group,633,45,13
NELBoonKengDTLBendemeerGroupBuy,group,3950,54,266
nepotist,group,24,16,0
newguinea,channel,0,1,0
News18TamilNadu,channel,37666,20345,75051
NewUniverse1,group,5,9,0
NewUniverse7,group,0,13,0
newuniversedata,channel,0,0,0
newuniversee,channel,0,27,0
NewUniverseMC,channel,7,6,0
newuniversemovies,channel,16,8,7
newuniversewer,channel,0,1,0
newuniverse_1,channel,128,6,46
newzhanghaol,group,16,899,31
new_letest_south_indian_movie_hd,channel,0,243655,0
new_pathan_hindi_movies_south_hd,channel,4,302058,13
new_south_movies_dubbedd_hindi,channel,2,391594,10
new_south_movie_hindi_all,channel,1,301939,7
nfjnsjsnks,group,2,54,0
nft_art_88,channel,5,1,9
niangchuang33918,group,0,1,0
NicaraguaNoticias100,channel,3971,4826,7859
nikossimolly,channel,1,477,1
nineonevideo_old,channel,13,2,4
ningago228,channel,6036,2063,257
ninjago3,channel,8,24,0
ninjagoepisodita,channel,37,4225,0
ninjagoi,channel,70,24,0
ninjagok,channel,0,38,0
NinjagoNew20,channel,3095,3886,180
ninjagoseasons,channel,4,1942,3
nMyth,channel,49,2,1
nokia8800_Uz,group,24,20,0
Nolvadex_Tamoxifen_tabs_20mg,channel,19,5020,0
Notes_from_a_Bottle,channel,493,13612,17
no_el911,channel,0,1,0
nursing_pdf99,channel,462,6826,15
NW30PIN,group,3,12,0
NWASEO1,channel,3,39,3
ob995,channel,0,43,0
ob99865,group,0,16,0
ob999666,channel,21,3,5
ob9998,channel,13,2,0
ob999999,channel,9,92,0
ob99999999,channel,0,0,0
ob99999a,channel,0,4,0
ocaershixkmyndl,group,10490,21,0
ocha3congo,channel,0,4,0
OfficialMT168,channel,0,2,0
official_uncut69,channel,5,184,34
Off_Telegrams,channel,3,2,0
ohdaema1b,channel,1,1,0
OK5320,channel,2401,1104,55
okpay7770,channel,3,1113,1
OKPAY7772,channel,2,4845,1
okpay7777,group,85,3,139
okpay777b,channel,2,29,3
okpay777cc,channel,1,3289,1
okpay777z,channel,2,12,3
okpay777_1,channel,0,5267,0
okpay777_bot1,channel,3,1687,3
Okpay777_bott,group,3,348,0
okpay777_Q,channel,0,6684,0
Okpay777_w,channel,0,11031,0
okpayB,channel,6,769,0
okpayC,channel,7,536,0
okpayJ,channel,4,26,12
okpayq,channel,6,1857,18
okpayv,channel,6,2282,18
okpayW,channel,3,16,9
OKPAY_CN0,channel,1,1358,3
OKPAY_CN14,channel,1,1662,3
OKPAY_CN17,channel,1,1687,3
OKPAY_CN18,channel,1,1858,3
OKPAY_CN7,channel,1,53,3
OKPAY_CNf,channel,1,38,3
OKPAY_CNo,channel,1,6,3
OKPAY_CNp,channel,1,58,3
oksanareznichenko_businesswoman,channel,156,55,7
okxbet5,channel,2,1,2
okxbeta,group,8307,107,6
okxbeta3,group,8040,122,0
okxbeta777,group,8109,147,79
OKXBETcom,channel,0,329,0
okxbetofficial,channel,3,1,0
ok_888888,group,0,1,0
old10100dook,group,2,16,1
olD51,channel,0,4171,0
old90music,channel,3,2518,0
Oldax,channel,6357,81934,8
olddrivercq,group,539,32926,25
olddriver_all,channel,6,43171,4
olddriver_cdq,group,348944,30424,243
oldet,channel,2,2461,2
oldgoldusty,channel,1,1,0
oldiesgoodiesonly,channel,13,4116,1
oldlentach,channel,11279,324489,4144
oldlove_97,channel,33,1,0
oldmemoriesyy,channel,8,5,0
oldmotya97x,channel,313,51,12
oldmy,channel,936,4059,34
oldnewsvtg95,channel,0,35,0
oldrowoutdoors,channel,1945,765,3544
oldrowsports,channel,2898,776,5005
oldrowswig,channel,0,2390,0
oldschool_96,channel,0,1,0
OLDSCHOOL_96_BOT,channel,1,1,2
oldtastythumbs,channel,1,4,3
oldthings_88,channel,11,3,0
old_90,channel,44,116,0
old_90ss,group,52,213,14
old_cars_9673646736,channel,0,17,0
old_gtx_970_drivers,channel,0,3,0
Old_hindi_song_status,channel,204,7645,0
old_is_gold_hindi,channel,894,6369,1177
old_music123,group,13000,3143,24
OLD_SONGS_80_90,channel,519,1675,0
Old_Young_9696,group,1866,9,97
ol_ga5690,channel,23,8,0
Omeprazole_OMEEFORCE,channel,1,283,2
om_te22,channel,202,50,0
onceinawhileilldoGOs,channel,0,2,0
oneindia_tamil,channel,0,10146,0
Onesecondofficial,channel,10,1593,10
Onesecondpay,channel,240,216,48
OneUI4,channel,28,580,0
OneUICustomization,group,5109,518,484
oneuigamer,channel,522,728,144
oneuigamer59b,group,3309,259,112
oneuiproject,group,5206,54,232
oneui_Goodlock,channel,57,440,1
onlilekhaival123,group,21,47,4
Online_Work_From_Home_Jobs,channel,7376,397388,4776
Onlyjayus2,channel,1,1,0
onlyjayus_chupandotetas_assana,channel,3,2,0
onmissionfun,group,0,2,0
onmissionfunn,channel,0,2,0
oplove21,channel,0,0,0
opss8,channel,2701,1245,2
opssam1,group,4,2704,4
opssam_community,channel,506,3974,1040
opssam_community2,channel,515,340,1520
OPSSSTORE,channel,3751,497,164
opss_tralala01,channel,0,4849,0
opss_tralala02,channel,0,4843,0
opss_tralala03,channel,0,4881,0
optimebel,channel,363,174,14
optimed29ru,channel,107,277,32
optimentexbassen,group,520,5699,4
optimepro,channel,9,420,2
optop6,channel,4763,21792,0
orgasm8920_0,channel,2,1032,1
orgasm8921,channel,32,9,0
orgasm8925,channel,4,188,5
orgasm8926,channel,29,5,0
orgasm892a,channel,1,342,0
orgasm892e,channel,0,4,0
orgasm892f,channel,1,1,2
orgasm892q,channel,10,3,0
orgasm892z,channel,3,179,0
osbt_95,channel,121,64,13
ososa_91,group,9,20,6
otzivwzixcf2,channel,52,5,0
owqywbdghsbfw585fdbhywe,group,3,52,0
oxycodone_10mg_20mg_30mg,channel,1,5020,2
ozodoynalar,channel,99,97,0
o_6677,channel,140,67,2
P33333,channel,0,295,0
P333333,channel,0,1625,0
p3333332,group,0,2,0
p3333333,channel,1,44,0
p33333333p,group,79,10,0
p333333q,group,0,7,0
P8USTD,channel,6,49,0
palkadot_usdt_usdc,channel,0,18,0
palmipede,channel,0,2,0
panda7733_insm88_orgasm892_atom1,channel,2,1,0
pander_joker,channel,23,52,0
paofenr_paofens_paofent_paofenu,channel,0,11,0
papiberbagiyes77,group,1235,43,39
pari_13838838282,channel,95,0,0
parsmusicoriginal,channel,1957,61040,454
Passion_eagerly,group,3,1,0
pats_rk67,channel,6,3,0
Pavlodar_42500_Bot,channel,0,262,0
paytmnewpromocode,channel,0,3,0
pc530_go,channel,5,3423,0
pc530_mg,channel,5,3505,0
pc530_ml,channel,5,3537,0
pc530_oo,channel,5,3458,0
pc530_tv,channel,5,3442,0
pc530_wz,channel,5,3489,0
pc904,channel,0,4,0
pc9079,channel,5,29,0
pc908,group,0,3,0
pc9090,group,0,2,0
PDF90,channel,248,6013,6
PDF978,channel,131,39,0
pdf9922,channel,0,11,0
pdf99m,channel,1,1,0
pdf9o,channel,20,1,0
pdf9z,channel,1,3,0
pebisnis,group,119,81,128
perverselinks18,channel,15,2941,38
PeterBalzhik,channel,97,3539,59
peterott07,channel,59,183,1
pfvpn,channel,7,10582,3
Phantasmagoricall,channel,23,82,2
phantasmagorich,channel,58,12,0
philong55555,group,244,268,19
photobooks_1stPAGE,channel,0,2,0
piracycelibate,channel,15,11,0
pjquq,channel,24,53,3
pk10a,group,2,16,2
pk10c,channel,20,2004,7
pk10cai,channel,18,5255,14
pk10livevip101010,group,11861,1883,104
pk10p,group,502,59,45
pk10pk168,group,1,5024,0
pk10vb68,group,14112,1627,64
pk10W,channel,20,825,8
pk10_saiche09,channel,2,107,0
playlostark_ru,channel,284,2852,49
plethorichina,group,740,552,50
po03n,channel,2,1,0
po03ph,channel,0,0,0
po03s,channel,10,1,0
poac8888,channel,10,99,0
pododang,channel,4,1,1
poIyphonic,channel,12,79,0
popo19930,channel,2,36,1
pornhubmilf_turkceporno,channel,2,1,1
pornowvhfzkoihrmc,channel,1,2,4
portabilidadmovistar,channel,0,2,0
positivebeliefss,channel,617,2105,192
Powb24a,channel,1,5,4
POWB24_BOT,channel,3,1,0
powerledger,group,5090,5074,818
PP16388,group,0,17697,0
pp1649466303,channel,0,0,0
pp1663,channel,0,51,0
pp16688,channel,40,109,40
PP168Hotnews,group,3067,309,287
pp168somrous,channel,18,98,4
pp22633,channel,26,141,0
PP3500,channel,52,68,10
pp3537,channel,2,14,0
PP355,group,122,12,12
PP35PP,channel,0,1,0
pp6543554,channel,3,2,1
pp654pp,group,4,2,0
pp654xyz,channel,46,1,89
pp657h,channel,0,0,0
pp659,channel,27,1,25
pp65i,channel,26,10,5
pp65r3mkt9,group,3,66,0
princepayasam9030,channel,27,27,2
princepayvn,channel,0,2,0
PRINCE_FF098,channel,7,21,0
priyabackup,channel,3,123,4
project_old_88,group,0,2,0
proleprosarium,group,0,3,0
provizordidenko,channel,1277,64680,165
PSL_LIVE_SCORE_MAGIC_LINE,channel,0,173980,0
PSS763,channel,81,98,61
pz3th,channel,2,79,2
qasoskorlar_2019endgame,channel,0,1,0
QhJcEi2020821101509,channel,0,3,0
qingzhaoban248,group,0,1,0
qiushiyun,group,18621,2683,21
qiyemixin001,channel,16,37748,4
qq358,channel,5,446,0
QQK71,channel,0,1,0
QSFbT_CcK6cwNzli,group,2,1,0
QueenConsort,channel,3,1,0
questions_1sec,channel,0,270,0
quza_48982,group,0,1,0
q_100,channel,1277,167,1
r454545454,channel,0,0,0
r4545454545,channel,0,0,0
r454545456,channel,0,1,0
r45454546,channel,0,0,0
r6g7u,channel,61,4,0
R777710,channel,48,8733,0
r777725617,group,982,1,80
r77776r,group,736,57,69
R777777777A,channel,99,19,0
R77777UUUUUU,channel,68,6,2
r77777www,channel,45,109,0
R7777888,channel,0,4,0
Ra303030,channel,145,104,1
RA307o,channel,11,7,1
ra30beauty,channel,525,71,2
ra30l6611,group,278,7,323
RA30NA,group,0,1,0
rabia_ghfir_li_waliwalidi,channel,119,41,11
radiolimoo,channel,59,39537,0
radiopiterfm,channel,154,1153,37
rainbowcorpsman,channel,38,18,0
RapperGum,channel,0,16,0
rasuldetski,group,1445,71,19
rattlepate,channel,0,3,0
rbc_trends,channel,1583,16066,659
redhill23,channel,104,324,1
redhillprodtme,channel,327,199,268
redhillstudio,channel,58,132,3
reholdings,channel,763,192,522
rk676435,channel,1,1,0
rk67679,channel,1,1,0
rk6789045,channel,1188,1,0
rk679,channel,0,9,0
rk67love678,channel,3,3,0
rk67money,group,11,11,9
Rk691,channel,1,49,2
rk6944598,group,2,3,0
rk69724,channel,6619,178,29
Rk6988,group,174,7,0
rk69squad,channel,0,7,0
rk69_sxx,channel,0,13,0
rk69_tehno,group,0,3,0
RMUJiRSZD68,group,6,8,0
Roa888an,channel,6,40,3
Roehampton,group,72,42,70
rolitvcebistro,group,92,1,0
RomainGuerin,channel,11,1145,12
ROOM3030,channel,2,1,0
royalholloway,group,11,6,6
royal_6677,channel,31,22,14
rs220,group,659,6,0
RS222777,channel,0,124,0
RS226,channel,22,96,0
rss_kubernetes,channel,2283,1388,9
ruanfenyalei463,group,0,1,0
rubiaa_bookss_3200_1299,channel,2,5,7
rx580kyiv,channel,12,1,0
rx580sapphirenitro,channel,3,50,0
RX580XFX,channel,7,586,0
rx582001,channel,594,48,372
rx5852xvpl,group,2,58,0
ryhphdjlflvkh,channel,0,9,0
ryhprotynarkotykiv,channel,0,5,0
ryuji_n789,channel,76,5,3
r_777hsjsjsj,channel,1,0,1
s4444,channel,3,3,0
S977085388,group,1929,174,106
s97729,channel,3,48,4
s977504246,channel,41,99,1
s97769,group,0,1,0
s9777520,channel,43,2,0
s977919197,group,0,2,0
s977e,channel,1,0,0
s977u,channel,46,7,0
Sabinacosmetiks,group,8415,55155,33
sadsada12312,channel,2,285,6
sadsada12313,channel,1,609,3
sadsada12315,channel,1,67,3
sadsada12316,channel,1,621,3
sadsada12317,channel,2,10079,2
sadsada12318,channel,1,56,3
sadsada12319,channel,20,1,0
sadsada1231a,channel,2,25,6
sadsada1231I,channel,2,10081,2
sadshjas,channel,5,94,5
SafeModVN,channel,75,175,9
saiche_pk10,channel,0,898,0
SamMobileNews,channel,4113,21721,4129
samuelleachupdates,channel,433,2866,229
sashulyan_96_old,channel,0,5,0
saude_cbd,group,254,5499,44
sauravArora,group,0,44,0
Sa_HimArt,channel,0,19,0
sc958,channel,14,2,1
SC95887,group,0,45,0
SC9596,group,3,25,3
scarface805,channel,1,3,0
SCMP_News,channel,1787,26424,2677
scoobykachurrasdeliveryjagua,group,8,84,5
SDJTU_xueshu,group,1481,67,48
SecondLiveCommunity,group,99397,73784,4339
sectradegroups,group,0,7,0
selldatabases,channel,10,3,0
semerkovskie7777,channel,1450,143,0
SEO78978996,channel,20,1,0
seo7897899_ezk888_ggsslh,channel,33,4445,4
seofanga,channel,8,73,4
seoyog,channel,4,114,4
seoyon,channel,7,1,0
seoyoonjang,channel,43,6,2
seoyouhua1,channel,2,23,0
SeoYoungeun_05,channel,2491,212,148
Seoyoung_kpop,channel,274,44,2
seoyoutuberindonesia,group,15057,868,185
SEOYOUTUBE_23,group,3296,1005,855
seo_666,group,249068,1161,2035
seo_66ge,group,33,2,8
september,channel,1828,67260,213
septilionn,group,96,63,5
sewingmachine1,channel,0,61,0
sewingmachine99,channel,0,1,0
SewingMachineCommunity,group,5691,749,15
sewingmachinei,group,0,536,0
sewingmachinen,channel,9,154,10
sewingmachineonlinenew,group,334,313,52
sewingmachines11,group,1,4176,0
sfos_ubports_sagit,channel,25,250,5
sg17888_kf18666_kyzs7788,channel,1,1,0
sgod77,channel,8,211,2
sgoder,group,65214,43909,1362
sgodrejmall,group,38747,39351,1051
sgodsgod,channel,53,262,4
sgodvvil,group,43687,42270,1170
shafiei_sewingmachine,channel,0,83,0
shammikalawacademy,channel,1710,1646,128
sharingpagi_epcfifi,channel,0,1,0
sheepskin,channel,0,3,0
ShitCoin100xBScProject,channel,220,156814,687
shop32,channel,0,17,0
shujudianxiao,channel,119,12,0
Shuju_Miandan,channel,817,18710,4
Shyash32,channel,0,1,0
shymkent42500both,channel,0,159,0
SideburNs3,group,3850,167,0
sideburnsandinquiries,group,14984,1008,50
SidneyPowell,channel,1856,288853,1890
silk26,channel,3,3,1
sinecure,channel,22,34,1
sjzt888888,group,1311,1082,2276
SKY_HAY_DAY77,group,0,324,0
slingshot0,channel,91,3303,6
SlingshotChinese,group,43,14,20
Slingshotcryptofinance,channel,0,189,0
slingshotofficialchat,group,862,3567,17
Slingshoton,channel,49,1007,53
slingshotportal,channel,1,243,0
slingshotsignals,channel,190,5025,31
slingshot_cc,group,3280,71,687
slotlive23,group,5150,435,4941
sm10345,channel,38,11,0
SMCgumi,channel,110,22,22
SMS09177,channel,5,30,6
SMS0917i,channel,3,1,4
SMS0917l,channel,5,4,6
sms0917q,channel,18,48,24
sms0917t,group,1,73,1
sms5sims1,channel,20,35466,2
sms9168,channel,8,3,0
smsbuscom,channel,2,206,0
smsbuscomI,channel,0,1,0
smsbuscoml,channel,0,891,0
smsbusiness2u,channel,3,64,3
smsbusllp,channel,7,1293,0
smscf,channel,5,929,0
smscx6,channel,2,2725,0
SMSjiemapingtai888999,channel,18,6729,5
smsjmpt1,channel,11,13985,3
SMSMM,channel,26,18345,0
smssxt,channel,13,4101,4
smstretching,channel,504,6816,67
snowshoeing_visperterminen,group,0,1,0
snowshoesX2,channel,16,7,0
snow_walker_sheregesh,channel,139,33,3
so2_awm4ik,channel,50,5,4
so6789,group,35725,103,13632
so678s,channel,0,1,0
socdia240194,group,642,521,0
sodomie_lion_levrette_petit,channel,0,15026,0
sodom_gomorah,channel,540,3259,0
sodorasnd,channel,94,46972,0
sodotkm,group,0,170,0
south0,channel,95,1591,488
South1,group,8878,163,212
southq,channel,4,1606,6
South_Movies_Indian_Hindi_Dubbed,channel,4,1651233,10
spblegalforum,channel,0,758,0
SpeakerQuranMurahTerlengkap,channel,0,4,0
SPF50RAVE,channel,4,101,2
spgodclub,group,34983,25652,860
spiderkillll,channel,0,0,0
sprgodrej,group,34792,16043,844
sql_6677,channel,60,5,0
ssbsuccess3595,channel,1170,4129,821
sss1412sss,group,68394,3466,58161
sss141319,channel,22,3,0
sss145678,channel,51995,611,155
sss147258344,channel,2,2,1
sss147qwe,channel,447,691,3
sss147sw,channel,3,44,1
sss14894,channel,328,33,5
Sss14a,group,613,27,36
ssternenko,channel,8433,411021,1162
sstorekittsy2,channel,2921,684,283
ssw348_kc369,channel,1,5,0
ssw348_kgweed_gem705_koreapablo,channel,0,1,0
ss_501waly,channel,0,3,0
starbucks,channel,0,1259,0
starLike666380,channel,77,30,23
ste6886i,group,4,4,0
ste6886l,group,5,12,0
ste6886_ste68860_huohu188_tgqun1,channel,0,9,0
ster4,group,42,70,0
sterd1,channel,117,29486,0
sterd12,channel,216,28525,0
stereogorod,channel,83,251,29
stereopolina_offical,channel,706,1201,218
stern,channel,1,56,0
steroidsinfo,channel,0,120673,0
stero_777,channel,1596,2163,98
stewpeters,channel,7655,282427,8004
stewpetershost,channel,1,6990,0
stfuweeb,channel,3,86,0
stikerkimteahyoung,channel,0,1,0
stoodbruise,channel,7,1,2
stopthelockdownsudbury,group,1445,129,897
StoreeKittsyy,channel,33,183,0
StreetFoodBazaarSg2021,channel,1,81,0
strong20mg,channel,8,20,1
studentsuper,channel,681,7550,6
St_petersburger,channel,118,3228,10
Sudbury1,channel,8,5,1
sudburydunn,channel,32,376,21
sueta_7771,channel,2429,365,0
sugavannansivaraj_91,channel,0,87,0
Sultanate1,channel,45,12,0
SultanateAstrahan,channel,119,709,191
sultanategosdonate,group,409688,607,512
SultanateGOSinfo,channel,1191,335,92
sultanatej,channel,5,8,4
SultanateofHeratia0764,group,10007,375,8
Sultanate_1,channel,83,318,3
Sultanate_of_Mahdi,group,1590,693,208
suncreenspf50,channel,0,14,0
suoyinqun7,group,2876,10038,2734
superjob2,group,2,12,2
superjobhr,channel,131,365,48
SuperJobKD,channel,215,1870,129
superjob_it,channel,922,1471,23
superjob_offer,channel,19,123,3
superjob_ru,channel,412,1083,150
superjob_udalenka,channel,934,2379,25
SUS304,channel,0,1,0
SWISS_GROW,group,10238,5253,231
sxz20,channel,219,5,0
syeerajualmask,channel,31,148,0
T248246472852358,group,0,2,0
T33333f,group,434,14,1
T3333B,channel,22,3,0
T3333c,channel,201,63,1
T45648,group,1857,434,11
T45666674,channel,99,23,70
t4566k,channel,0,10,0
t45678k,channel,436,10,0
t456gyw,channel,582,9,6
t456t7,channel,20,366,0
t456y7,channel,92,11,3
t5556733,channel,11,1072,0
t55577,channel,991,312,0
t5566565,group,0,157,0
T55HV,group,0,627,0
t55ppp,channel,1261,1185,491
t55tr,channel,144,247,13
T55_522,channel,657,6920,15
t55_z,channel,0,153,0
t7890s,channel,9,1,4
T7890y,group,0,1,0
T7893037229,channel,0,20,0
T7894,channel,92,30,0
t78955,channel,0,0,0
t7895ls0rk5qzzftl,channel,0,1,0
T789p6,group,0,1,0
Tadalafil_Tablets_5mg_20mg,channel,112,5570,0
talkbuy,channel,38,62,0
TamadogeChats,group,521,472,321
Tamil,group,0,27256,0
tamim,channel,0,216,0
tanishuvlar_77711,group,99,19,0
TapGoAliPayHKWeChatHKFPs,group,2,4,0
tatoo_azi9330,channel,41,116,0
tcoffeekyiv,channel,1,134,0
tCoffeeshop,channel,37,1009,3
te2222h,channel,177,20,25
te228911,channel,1245,74,2
technobuzzofficial,channel,1027,33032,756
teessideIndia,group,3511,1027,118
teessideinternational,group,36144,4288,515
Teessidemallu2022,group,1673,640,326
teesunijanuary2023,channel,10,481,2
TelanganaStatePolice,channel,2159,28188,2298
teleindex_net,group,238,36,0
temptressLIVE,channel,126,9,0
temptressmassage,channel,7,13,0
temptresss_119,channel,2,157,3
tenge_42500,channel,623,7549,24
terme_nightclothes,channel,0,26,0
testking221,channel,11,2,4
testking26,group,0,3,0
testkkang920,channel,1,2,4
TG1680,channel,4,92,1
tg98611,channel,2,265,3
tg98612,channel,1,27,2
tg9861i,channel,54,12,32
TGAPP8,group,0,310,0
tgappdownload,channel,59,6982,3
tgapple88,channel,5,472,0
TgappProEngine,channel,34,179,2
TgAppProEngine66,group,1362,263,86
tgsultanate,channel,8128,1389,55
tg_AXES,channel,1171,6080,250
thankyousooooomuuuuch,channel,0,2,0
theatulkishan,channel,2,423,0
TheOfficialUpstox,channel,1154,195337,1025
TheStewPetersShow,channel,14,4480,1
thestolenartichoke,channel,0,133,0
theyumcrypto,channel,4,2226,8
thor5588,channel,0,1,0
tiangeweiyizhanghao_66666,channel,47,1142,6
tiangeweiyizhanghao_66666_619,channel,46,1227,6
tiangeweiyizhanghao_66666_654,channel,35,4015,3
tiangeweiyizhanghao_66666_6c,channel,40,1281,6
tiangeweiyizhanghao_66666_6e,channel,41,1032,6
tiangeweiyizhanghao_66666_6h,channel,58,18981,16
tiangeweiyizhanghao_66666_6j,channel,40,1154,6
tiangeweiyizhanghao_66666_6k,channel,40,1139,4
tiangeweiyizhanghao_66666_6m,channel,48,1169,10
tiangeweiyizhanghao_66666_6w,channel,40,1028,6
tianyuweiyizhanghao_888_881,channel,24,1153,3
tianyuweiyizhanghao_888_8811,channel,24,1149,3
tianyuweiyizhanghao_888_883,channel,24,1074,3
tianyuweiyizhanghao_888_884,channel,24,1151,3
tianyuweiyizhanghao_888_885,channel,24,1122,3
tianyuweiyizhanghao_888_886,channel,24,1125,3
tianyuweiyizhanghao_888_887,channel,24,1182,3
tianyuweiyizhanghao_888_888,channel,24,1215,3
tianyuweiyizhanghao_888_88d,channel,24,1143,3
tianyuweiyizhanghao_888_88e,channel,24,1074,3
tiknet_vpn3,channel,0,22354,0
Tiktok_77M,channel,48,1895,0
TiSaiDeDaXue1,channel,1,1,0
TiSaiDeDaXue60,channel,1,1,0
TiZiSaiDeDaXue47,channel,1,1,0
tj8211,channel,0,3,0
TJ8222,channel,1,14,0
tj822sagi,channel,1,1,0
tj822_1,channel,1,1,2
tJ82K54XJRMzMjQ1,channel,1,18,0
TO119a,channel,1,4,4
to119to,channel,0,2,0
to119_bot,channel,0,1,0
todsnation,channel,0,22,0
Togel100,channel,2149,255169,0
ToiletWaterPerfume,channel,0,3,0
Toiletwatertayebi,channel,0,0,0
Toilsomee,channel,10,2,1
toilsome_tutorials_ysmc,channel,2,23,0
tokenpocket,group,3210,996,151
TokenPocketE,channel,1,28590,1
top2360,channel,6,6,0
top236d,channel,3,25,3
top236g,channel,3,150,6
top236i,channel,5,2,2
TOP236j,channel,2,54,3
TOP236M,channel,2,47,3
top236s,channel,3,16,3
TOP236z,channel,2,54,3
topiptv23,channel,0,180218,0
topkush0,channel,1,11,2
topkushBye,channel,0,0,0
topkushd,channel,1,1,1
toppkush,channel,97,278,0
top_music_ff09,group,295,11,2
torontosnowshoeing,channel,1,102,2
totokuku0,channel,72,243,0
totokuku00,channel,0,203,0
totokuku0_0,channel,2,739,1
totokuku2,channel,0,9,0
totokuku3,channel,0,11,0
totokuku7,channel,0,7,0
totokukub,channel,1,681,0
totokukud,channel,1,2853,1
totokukum,channel,1,689,1
totokukus,channel,1,945,1
tporslvx10,channel,0,10,0
tqq1444,channel,50,153,14
TQQ1group,group,1025,48,106
tqq1rr,channel,19,11,0
tqq1z,channel,1,8,0
trace884,channel,3,206,2
trace88f,channel,3,152,0
trace88q,channel,3,930,2
Traceecosystem,group,3,1764,4
tracek,channel,0,39,0
tracenetwork,group,39136,18671,2506
tracenetworkann,channel,618,6579,577
TracerDAO_e,group,102,65,12
traces,channel,1,13,0
trace_br,channel,91,6393,21
Trainman,group,0,1,0
translation_080705,group,0,2,0
translation_cmivv,group,4,2,4
trend,channel,469,1026,2
trendgk,channel,1189,258626,589
TrendingStickers,channel,328,81219,0
TREND_PUBG_AKKAUNT_BOZORI_SAVDO,channel,1816,207820,28
Trenh,channel,226,44,1
TroieScolareschees,channel,0,3122,0
TS7756,channel,0,1,0
ts775i,channel,2,13,0
tsh400A,channel,22,2,0
tsh401,channel,60,4,2
tsh419j01fsd4978as,group,4,8,0
TSH44,channel,3,30,0
tsh45Uleshkakanal,channel,0,0,0
tsh49hh0xxyr7k2mj8nwk53,group,5,44,0
tt555625,channel,1,1,1
TTP012431737,channel,99,69,0
TTP017,group,0,0,0
ttp01a,channel,1,3,4
ttp01a_bot,channel,0,1,0
TT_T55,channel,77,2715,0
Turtkul_Bassmuzic_Ruscha_Kocha,channel,4966,306695,1895
tushy1BOT,channel,1,167,0
tushyq,channel,388,2924,9
tushyv,channel,0,1184,0
tushy_sunny_adult_x_video_ullu,channel,0,276074,0
tv8833,channel,4460,275,3325
tvoemesto_kovorkingi,channel,204,286,32
TvSoftwarelaptopSoftwareGamesmov,channel,91,2237,17
tx5544,channel,1,122,0
tx555tx,group,0,565,0
tx55a,group,400,404,13
typhu2305,group,3844,3427,135
TZ_667766,channel,21,13733,0
t_k_ausblick,channel,447,52,381
ualpl,channel,39,77,0
ubports,group,39068,3269,2264
ubportsbr,group,44,13,0
UBportsOF,group,32160,328,2059
UBports_Chinese,group,5038,252,85
UBPorts_ES,group,10402,517,723
UBports_French,group,3531,180,341
UBports_Lomiri,group,1451,363,243
ubports_news,channel,68,1562,102
ubports_porting,group,31474,1259,3801
udpdds,channel,0,2075,0
UebernachtenunterFreunden,channel,3338,50358,33
uefa_champions_resultscarabadu,channel,2,3,1
uncut691,channel,63,405,76
uncut69aa,channel,104,307,259
uncut69b,channel,13,2977,43
uncut69l,channel,1,6,6
unibetbetsss,group,12,5,0
UniversityofSudbury,channel,0,1,0
uNuM7ARft,group,41663,207,0
Unumbeer,channel,10,727,1
Unumber,channel,42,1483,1
UNUmUJ,channel,69,1223,1
Unum_Excogitatoris,channel,927,8712,9
upfis,channel,21,531,0
uppcs,channel,1494,45560,1559
uppolice,channel,2255,41562,2908
upup3,channel,13,59,0
upup77_1,channel,3,1,0
upup77_11,channel,3,1,0
upupchannel,channel,130,366,257
upupcommunity,group,166,105,377
upupexex,group,5,832,0
upupexglobal,group,58,168,30
uPUpMVcCE,group,95,123,0
upupupteam,group,22,2470,3
upupy,group,136,115,17
UPUP_CN,group,662,4435,42
urbanbattleleague,channel,33,60,15
urd95271,channel,5,104,3
urd9527A1,channel,10,105,3
urd9527aa,channel,4,9,2
urd9527i,channel,15,15,12
urd9527j,channel,13,2585,6
urd9527o,channel,8,5,0
usdc1,group,0,7377,0
usdc168,group,697905,3669,1170213
USDClianshangwakuan,group,4,773,0
USDCPAYL,channel,2850,648,49
used_phones_11_pro,channel,32,3064,4
usmonov_yechimlari_7771,channel,485,515,80
UZMUZ_MOQINA_YOSHLAR_ZAKAZ,group,2049,6033,1036
uzoqov_yechimlar_7771,channel,446,601,85
U_T789,group,0,4,0
V2222,channel,1,4,0
vakansii_Dalpolimetall,channel,188,423,10
Vandana_VB20,channel,1149,2723,2210
VAPKUsfgre,channel,1,18,0
Vapkush,channel,17,62,2
vb2004,channel,1,51,2
vb2004198,channel,0,53,0
vb2015,channel,15,352,23
VB2019,group,2,5,0
vb20202020,group,56,13,10
vb2022free,channel,8,44,2
vb686,group,333,17,0
VB68686969,group,1716,225,128
VB68BETatai,group,7925,3532,1013
vb68xocdia,group,52,749,28
vetcareOptimeal,channel,127,1188,19
via369_zxc379,channel,1,2,0
VIP666vi,group,0,119,0
VIPCoin_CN1,group,6571,3838,53
viphiddencam,channel,0,880,0
Vip_Cn,channel,2,852,2
VIP_PUBG_CN,channel,1198,677,210
Vixen_Blacked_tushy_taboo_voovi,channel,0,89905,0
vnonlinechannel,channel,44,2328,3
VNPrince,channel,55,29837,1
VoluntarilyCelibate,channel,1,2,2
VP7770,channel,0,33,0
vp777777777,group,119222,406,66705
vp777net,group,2124,3179,60
vp777pm,group,0,0,0
VP777S,group,506,4,2
vpn333333,channel,127,8223,33
vpn3366,group,406,211,70
vpn360daraje,channel,6,1458,0
vpn3666,group,1286,3091,23
vpn3698,channel,2,6048,0
vpn3r,channel,5726,1462,21
vpn_vpn3,channel,5,22283,0
Vwbearbrick,channel,0,74,0
VX100000,channel,20,1541,0
vx1008611,channel,0,2,0
vx100888,channel,12,475,0
vx100forex,channel,1,24,0
vx1024,channel,7,3,0
vx1070,channel,0,1,0
vx10xo,channel,48,22,0
w5555,channel,0,8,0
walaagh229,channel,47,126,0
waliwahidi1401,channel,56,191,44
waliwali145,group,231,75,6
waliwaliiiiiii,channel,0,0,0
waliwalin,channel,0,202,0
WallisandFutunaIslands,channel,0,1,0
wavsk_vapku_wowsk_coks,channel,0,0,0
weedosama19,channel,3,1429,4
weedosama3,channel,1,33,0
weedosama4,channel,1,115,0
weedosama6,channel,1,63,0
weedosama9,channel,1,68,0
weedosamab,channel,4,2039,2
weedosamac,channel,0,2976,0
weedosamae,channel,1,127,0
weedosamao,channel,1,1546,0
weedosamap,channel,2,1226,1
wekeendz,channel,467,153,11
wekeexoxo,channel,12,1820,2
wekefilm,channel,0,146,0
wekeH,channel,6,97,9
wekemq,channel,1,120,2
wekendlike,group,6525,766,4204
wekestore,channel,1010,781,3304
WelcomePlus,group,24715,3107,1946
Welcome_to_kakaotalk,channel,0,335,0
whatsqpp,channel,0,2,0
whiffling_underwings_dust,channel,0,8,0
Wholesalecoompany,channel,0,1,0
whole_data1,channel,2,1,1
whwzc_pc530_muyao777_hztsrj,channel,0,961,0
wickrmeweedprodotti,channel,0,219,0
wickryourtrip,channel,147,1229,12
wijth,channel,2,17,4
WijthPrettyy,channel,6,0,0
wijths,channel,3,3,0
wkbxh_wzixsa_from_video,channel,0,24,0
wm664,channel,0,17,0
wm666,channel,14177,47,14
wm6666,group,52,8,0
wm6667,channel,4,6,0
wm666888777,channel,21,152,6
WM666yyds,channel,0,24,0
WM6686,channel,289,144,16
wM66q44u,group,2,66,6
WorldWideSudbury,group,17397,1404,23920
wowo909_via369_tg1004_honestmade,channel,1,7,0
WT7734,channel,53,1,0
wt777456883,channel,2,18,2
wt7783,channel,50,4,0
wt7793,channel,0,1,0
wt77tw,channel,1,1,0
wt77_1,channel,0,3,0
wuya178,channel,44,2276,3
wzixmaidw,channel,0,7,0
wzixnx,channel,1094,88,21
wzixsavideo,channel,0,26,0
Wzixxz,channel,2,0,0
wzxohh,channel,39,7,0
X83O_1,group,7561,90,110
xakme_ots,channel,0,5,0
xakmin,channel,0,39,0
XAKMOBILETJK,channel,97,806,0
xakmrjkjkjmflby,group,0,166,0
Xakms,channel,8,1,0
xakmus,channel,8,11,0
xauusdusdcadeurusd,channel,388,32142,105
Xiaomo_Day7,channel,81,49,19
xk552,group,0,19,0
XK553775,channel,5,3137,1
XK5537F,channel,3,851,3
XK5537i2,channel,4,204,2
XK5537i6,channel,2,1368,3
XK5537i8,channel,2,311,3
xk5537t,group,1,100,1
xk5537v,channel,3,1527,3
XK5537W2,channel,5,1481,1
XK5537x,channel,26,389,14
XK5537xk,channel,5,3636,1
XM887,group,6,135,0
XM88777,channel,124,396,0
xm88813,channel,31,3020,0
xm88886666,channel,3,44,0
xm888ff,group,152,343,103
XM888k,group,31,8945,0
xm888p,channel,30,5803,0
XM889988,channel,92,1678,0
XocXoc01,group,1287,466,488
XOCXOC22,group,237,121,0
xocxocloccoc9999,group,43304,17008,152
xocxocvebo6868268,group,1903,1543,2
xocxocx,group,589,69,0
xocxocxoc888,group,47,2206,1
XOCXONGHUP,group,2046,3585,80
xocxoo,channel,1,1001,0
xoxohkl,channel,6,8,0
xqr_kmef,group,0,25,0
xstarss,group,0,726,0
xueshujiaoliua,channel,14,197,6
XueShuJiaoLiuZhongXin,group,86,44,0
xueshujsq,channel,5,24,3
xueshupai,channel,104,290,37
Xueshutaolun,group,3,20,0
xxxxxxfemmale2021_landervideos,channel,1,12,0
XY7889,channel,1,10,0
xyy36453,group,1,765,2
XZ114,channel,1,1,1
xz1141,group,150,473,12
y268vWZT82z7S,channel,0,1,0
yabo051,channel,3,632,3
yabo05q,channel,1,1951,2
yamilybenigni,channel,35,1268,29
yb036,channel,11,2,0
Ycishcki,channel,1077,191,14
yes77info,group,31093,3665,13232
yes77nihbos,group,4052,784,6310
yeshiva,channel,1,6,0
yezirou111,channel,33,236,1
yfk666666,channel,10,2,0
YiDaiCH_001q,channel,13,2588,6
yiklb_LBZAU3ODM1,group,4517,21,17
YN43EB,group,0,2,0
yn43eb_botany,channel,0,1,0
yn43eb_pc,group,0,13,0
yn43eb_physics11th,group,1,11,2
yogesh_9636,channel,38,218,12
yourgeylangserai,channel,75,164,23
yoursexylady18,channel,177,448,0
YOUTUBE4K0,channel,0,0,0
youtube4k1k,group,133,33,221
youtube4kdownloader,channel,0,41,0
youtube4khoursfast,group,36,22,16
youtube4kids,group,0,3,0
Youtube4kw,channel,0,2,0
youtube4kwatchtime,channel,7,56,1
youtube4kwatchtime00,group,3826,30,78
YouTube4kwatchtimecomplete,channel,0,11,0
youtube4kwatchtimesub4sub,group,93,26,120
youtube4kxyz,channel,1,1,0
Yo_za313,channel,4258,743,2
yp5556,channel,0,1,0
YP55888,channel,0,1,0
yp558F5kO,group,1150,397,0
yp55houo,channel,35,1,0
yrinff,group,0,1464,0
YTN93i,channel,0,1,0
yTN96tuRmPyjCBbgWMv2JD,channel,1,2,0
ytn9hnpp6itphf43noqfuz6,group,5,10,0
YTN9kl3tUFc5ZDFl,group,1,19,1
yulduz_cosmetics_2,group,6904,52024,803
YVQQL,group,408338,1939,989
YX5566,channel,4,5,0
YX55886,group,0,1911,0
yy825237,channel,1942,541,14
yy8255,channel,2271,751,11
yy827,channel,107,0,0
yy82915,channel,0,1,0
z8888,channel,256,9,1
za312,channel,0,13,0
za313ib,channel,3295,114,281
za313la,channel,5145,126,15
za313ra,channel,2554,825,12
Za313rra,channel,528,571,2
za313y,channel,10,115,0
ZA316,channel,2528,57,4
za321az123,group,1024,81,17
za323b,channel,14,61,0
za323e,channel,26,75,0
za323sa,channel,19,75,0
za323za,channel,37,68,0
za32zz,channel,1976,3623,264
Za331551,channel,0,70,0
za3333333333,channel,42,2,0
za336699,channel,0,1,0
za3390,channel,91,46,0
ZA33M1,channel,0,11,0
za33za33za,group,9749,37,92
zah_ra309,group,0,2,0
zaimy_Joymoney,channel,1,35,0
zaojinlangpi_359,group,1,1,0
zds99911,channel,2,41,3
ZDS999q,channel,1,1710,2
ZeeTamilNews,channel,1169,4848,594
zhcn_zh_cn19,channel,10,118073,9
zhdahengz,channel,1,57,2
zhige_48985,group,1,1,0
zhju123i,channel,27,384,14
zh_cn197,channel,3,8224,4
zh_cn198111,channel,6,4,11
zh_cn1989811,channel,6,10,11
zoje_iran,channel,4,431,1
ZSB011,channel,3,61,3
ZSB014,channel,0,5,0
ZSB551,channel,3,52,3
ZSB558,channel,0,1,0
zs_10086,channel,258,58271,0
zzan1,channel,9,314,7
Z_Ms19,channel,0,93,0
