Domain,Landing URL,Download URL,Path,SHA-256,Category,is_new,is_malicious,Threat Type
6park.com,https://www.6park.com/main.shtml,https://home.6park.com/client/6park.apk,/data2/sangyiwu/Mobile_Apps/apk_files/6park.apk,f1fb03348b02b647b0bad1fde4be3555b374de6dc7c320be46c5fae1c827ba6f,Benign,False,False,
www.djyule.com,https://sj.djyule.com/download.htm,https://www.djyule.com/djbox_upapk/djbox6_19_11_138.apk,/data2/sangyiwu/Mobile_Apps/apk_files/djbox6_19_11_138.apk,24f56817b2a3ec8217cb257ad8ca8311be960276e5994f0bccf85c60fa3b2994,Benign,False,True,"{'trojan', 'riskware'}"
2345.com,https://m.2345.com/app.htm,https://dl.2345.com/2345mobile/2345Daohang_12.0.1.apk,/data2/sangyiwu/Mobile_Apps/apk_files/2345Daohang_12.0.1.apk,6aae24dfb1c9cf1964fb63013b288ccf1cc9098aa0ce04099ec58ee3885ab681,Benign,True,True,"{'evader', 'malware', 'trojan', 'adware'}"
ixigua.com,https://m.ixigua.com/,https://lf9-apk.ugapk.cn/package/apk/video_article/1008_734/video_article_xigua_m_lv_1222_and_v1008_734_e9c9_1677064774.apk?v=1677064779,/data2/sangyiwu/Mobile_Apps/apk_files/video_article_xigua_m_lv_1222_and_v1008_734_e9c9_1677064774.apk,b3fea55e9e235396f9b5dc3e653a8fda416b23d3a2b97499b6dc84a18d40e147,Benign,True,False,
8v.com,https://download.8vtrade.com/,https://static.aws-s1.com/app/8v_1_1_4.apk,/data2/sangyiwu/Mobile_Apps/apk_files/8v_1_1_4.apk,8a6d3bb0a5f6b2a918b3cad053aa0309c6eb492b6f242e57762d5070b5e430bd,Cryptocurrency,True,False,
www.huobipro-jyptgw.com,https://m.huobi.com/zh-cn/download,https://global-prd-client-download.oss-cn-hongkong.aliyuncs.com/huobi90701c0.apk?v=1677758704056,/data2/sangyiwu/Mobile_Apps/apk_files/huobi90701c0.apk,4a8c47f7c012593412947a907cd262159016ac1242e543b194bd3621a1ce1884,Cryptocurrency,True,False,
www.huobipro-jyptgw.com,https://www.huobi.com/zh-cn/download/#exchange,https://global-prd-client-download.oss-cn-hongkong.aliyuncs.com/huobi90601c0.apk?v=1676624520071,/data2/sangyiwu/Mobile_Apps/apk_files/huobi90601c0.apk,265a5ab992febd43f38aa6dd0aa593c3bea8fbbbcefc865b93ee945d5b9cdb6e,Cryptocurrency,True,False,
v77.kr,https://bman7.xyz/,https://bman7.xyz/download/powerman.apk,/data2/sangyiwu/Mobile_Apps/apk_files/powerman.apk,939c654d64ede7f66cab6011997865cae6108a3d07d793d3f5067334cb5eb4de,Drug,False,False,
92527.org,https://colorchat.app/,https://colorchat.app/105/105.apk,/data2/sangyiwu/Mobile_Apps/apk_files/105.apk,60917872d6ba95bd0338baae5246ebcac2daa4becb9314e5d66f38f8848d3ffd,Gambling,False,False,
r.vip,https://www.aa.vip/home/game,https://5xyhts-135-ppp.s3.ap-east-1.amazonaws.com/cocos/download/135_en_normal_3.2.0.apk?X-Amz-Algorithm=AWS4-HMAC-SHA256&X-Amz-Credential=AKIATLSXYZMD5ALTWIEP%2F20230305%2Fap-east-1%2Fs3%2Faws4_request&X-Amz-Date=20230305T070647Z&X-Amz-Expires=600&X-Amz-SignedHeaders=host&X-Amz-Signature=bd1d6538319d4436c08f62364d6de94e21e2cb70cf3c54d007b9a1f8d0eb9f38,/data2/sangyiwu/Mobile_Apps/apk_files/135_en_normal_3.2.0.apk,a59d3f94ef53f0424e3d34279b99b7762a0598fb763fd7a7c26aa67668d92a2a,Gambling,True,True,"{'evader', 'malware', 'trojan'}"
vip888.in,https://rkxiw.com/5wC7.app,https://damitu.24rem5dtdj5s.cn//274385038606337/andriod/1677752188423.apk,/data2/sangyiwu/Mobile_Apps/apk_files/1677752188423.apk,4c8686d7f7f4e25e340aee0ee97d7d729e63799db45650ba02bcca388c105a3a,Gambling,True,True,"{'malware', 'riskware'}"
royalclubbet.com,https://www.royalvip.in/normal/wap.html,https://6l5f8j-176-ppp.s3.ap-east-1.amazonaws.com/cocos/download/176_en_normal_3.1.26.apk?X-Amz-Algorithm=AWS4-HMAC-SHA256&X-Amz-Credential=AKIATLSXYZMD5ALTWIEP%2F20230306%2Fap-east-1%2Fs3%2Faws4_request&X-Amz-Date=20230306T003727Z&X-Amz-Expires=600&X-Amz-SignedHeaders=host&X-Amz-Signature=884c93b9bc411d891eccdb0549ca46b59cfd622de9bb2b54f57e76fcff496f8c,/data2/sangyiwu/Mobile_Apps/apk_files/176_en_normal_3.1.26.apk,d22fc771f8c6d4129864349546b492be42d8d82587d0b8bcfa0f73a26c42224f,Gambling,True,True,"{'evader', 'malware', 'trojan'}"
royalclubbet.com,https://www.royalvip.in/normal/wap.html,https://6l5f8j-176-ppp.s3.ap-east-1.amazonaws.com/cocos/download/176_en_speed_3.1.26.apk?X-Amz-Algorithm=AWS4-HMAC-SHA256&X-Amz-Credential=AKIATLSXYZMD5ALTWIEP%2F20230306%2Fap-east-1%2Fs3%2Faws4_request&X-Amz-Date=20230306T003726Z&X-Amz-Expires=600&X-Amz-SignedHeaders=host&X-Amz-Signature=61fc4a04a52d909dd616a51840206d8b94b764311b530e6da8583582ecb9a271,/data2/sangyiwu/Mobile_Apps/apk_files/176_en_speed_3.1.26.apk,7fda69f9bc5aa6a4c60a57d30891697d4bcc084858fa63b3663f4389600dd07f,Gambling,True,True,"{'evader', 'malware', 'trojan'}"
193.com,https://cnyhzs.top/download.html?provider=mk3qg7hrmv,https://cnyhzs.top/CustomBrowser/mk3qg7hrmv/Android/193%E6%B5%8F%E8%A7%88%E5%99%A8.510.apk,/data2/sangyiwu/Mobile_Apps/apk_files/193浏览器.510.apk,f70d1f1148f338924461c18eb777cadc8954a8dbf1d8c7127b6b664116260a3d,Gambling,True,True,{'riskware'}
j6.com,https://j6qp888.com/?channelCode=4040000,https://kreo.finehopesupply.com/404fuox/20230302_sign.apk,/data2/sangyiwu/Mobile_Apps/apk_files/20230302_sign.apk,85e96f4328df4e16b6327e5beb26854727ba12f458f4dbe4717eaf4ccb6cad9e,Gambling,True,False,
41c.bet,http://120.55.41.111/4188.html,https://nospace.oss-us-west-1.aliyuncs.com/4188/4188.apk,/data2/sangyiwu/Mobile_Apps/apk_files/4188.apk,b69b6a8065391a0cb60d66bd4371f08a9354e341aa8a61bbb57dc2cb9c6e0d98,Gambling,False,False,
70.net,https://appd.gameme.app/lebb9,https://static.sfdssddso.com/api/appd/uploads/app/693889487.apk,/data2/sangyiwu/Mobile_Apps/apk_files/693889487.apk,380c4987ef578d85083f9cedf675d223eda3ea4145542d38f0224a40d0aae2e3,Gambling,False,False,
www.xml400.com,http://16.season-tech.com/79846929886,https://yl.beamzhou.com/7.0.2.apk,/data2/sangyiwu/Mobile_Apps/apk_files/7.0.2.apk,798060ef124351d9501c9e402f96ba50338c21b017f96136ff611b1d5c51b1b9,Gambling,False,False,
c35.bet,https://7wd2999.com/android.html,https://7wd2999.com/7299.apk,/data2/sangyiwu/Mobile_Apps/apk_files/7299.apk,ca0fc1802ad036ddc3c867731772ea7d005cba7f79c027790dd07c34fd218d95,Gambling,False,True,{'adware'}
1388.ceo,https://7780azapp.com/android.html,https://7780azapp.com/7780.apk,/data2/sangyiwu/Mobile_Apps/apk_files/7780.apk,5985f5ce86f713bf6c292bdbeb1a09f3dcde2a6d16af49d69b5b8fdb851fd400,Gambling,True,True,"{'evader', 'malware', 'trojan'}"
2088.ceo,https://www.8208mxr.com/android.html,https://www.8208mxr.com/8208.apk,/data2/sangyiwu/Mobile_Apps/apk_files/8208.apk,f95c07e9398e2c6a2d679f0f1d057457a2de274ff4a80bab29e7c9a3698302e4,Gambling,True,True,"{'evader', 'malware', 'trojan'}"
hn1518.com,https://hndfb.xyz/hall_hn/index.html?pid=wlb888,https://211.99.99.167:3306/88DFH1.apk,/data2/sangyiwu/Mobile_Apps/apk_files/88DFH1.apk,a332b32cbf281bff95a8c85577dc588edb7996f959cd3a9b2d5268c890eb0d29,Gambling,False,False,
k88.cc,https://app.app929.com/929/?islogin=false,https://app.app929.com/929/android/929.apk,/data2/sangyiwu/Mobile_Apps/apk_files/929.apk,7126d7d5699e167c249b1f12b42747c8c893db702738efc704ec1aea86ee18aa,Gambling,False,False,
3199.ceo,https://www.9323appaz.com/android.html,https://www.9323appaz.com/9323.apk,/data2/sangyiwu/Mobile_Apps/apk_files/9323.apk,e7124335060d2530c00f5d0ed0f21e8229c64f2535b59d08759a705d8cfc03dd,Gambling,False,False,
9460.com,https://9460.app/wap/index.html,https://9460.app/9460/9460cc.apk,/data2/sangyiwu/Mobile_Apps/apk_files/9460cc.apk,5bd69d33ae9ddfdf0a3343f4d1afd3405f03adaf36ed29d32cdf1299335fb08b,Gambling,False,False,
50134.com,https://v999.gtapp123.com/web/a218/default.html,https://gt11.gtapp123.com/app/A218_1.9.16.apk,/data2/sangyiwu/Mobile_Apps/apk_files/A218_1.9.16.apk,b44659bcbdc899435c576221876f83bdb7337f3808c997b1c2acc46530f6efd6,Gambling,True,True,{'riskware'}
578335.vip,https://www.ab1065.com:30121/,https://www.ab1065.com:30121/ak/files/package/absports_50304_243456_0301180610.apk,/data2/sangyiwu/Mobile_Apps/apk_files/absports_50304_243456_0301180610.apk,55cbd076ed59735c3911f9f0ebd48c5c6c2d45663dcbd86fe62ea0086f49de2b,Gambling,True,True,{'riskware'}
0033000.com,https://www.9mouthbt.com/install-step-download,https://tbi.aaba00.com/1e3c3b/android/android_918_mobile_3.2.84.9mouthbt.com.apk,/data2/sangyiwu/Mobile_Apps/apk_files/android_918_mobile_3.2.84.9mouthbt.com.apk,6d27641dd9084a405e039569e77626e8f3c57acd217afdee096e199c9e0e8a18,Gambling,True,True,"{'evader', 'malware', 'trojan'}"
d88.com,https://m.d88software.com/d88_app.htm?channel=m.d88.com,https://tbi.aaba00.com/main/344a78NEW/android/android_app_mobile_3.1.98.apk,/data2/sangyiwu/Mobile_Apps/apk_files/android_app_mobile_3.1.98.apk,5afd10a2cd979034a6e23fbac2e4993444c997efa9cb4dc39986643a7471fc24,Gambling,True,True,"{'evader', 'malware', 'trojan'}"
0033000.com,https://m.d88software.com/d88_app.htm?channel=m.qyi7erdm.com,https://tbi.aaba00.com/344a78NEW/android/android_app_mobile_3.1.98_m.qyi7erdm.com.apk,/data2/sangyiwu/Mobile_Apps/apk_files/android_app_mobile_3.1.98_m.qyi7erdm.com.apk,e421fd08e9d61ae3e04f0cbe5d26df7b861000743813194941ef64e1664ff3bc,Gambling,True,False,
0033000.com,https://m.63diqtse.com/home,https://oye.aa00a1.com/91a2c0/android/android_k8_mobile_6.6.1.63diqtse.com.apk,/data2/sangyiwu/Mobile_Apps/apk_files/android_k8_mobile_6.6.1.63diqtse.com.apk,7a029bcfd16715b7e8bb6e5e848de5abcfd202b303cdb3c3c6b476bf18f7c33b,Gambling,True,True,"{'evader', 'malware', 'trojan'}"
tga68.com,https://www.aoabet267.app:30111/?i_code=6980862,https://download.echahang.com/files/package/aoagame_50304_243390_0301174959.apk,/data2/sangyiwu/Mobile_Apps/apk_files/aoagame_50304_243390_0301174959.apk,f609d6fb9acc824785611238ddf9298f157f7a692baa8b4a78483e53409fa06a,Gambling,True,False,
50134.com,https://24754557.com:8888/app/jxfapp/android_down.html,https://woxnug.com:4431/android/5.3.5/app_5g9b_5.3.5.apk,/data2/sangyiwu/Mobile_Apps/apk_files/app_5g9b_5.3.5.apk,ee7154f880c8d35555168cb8c8e4a28ddad68925cc55677e2bbbee77bd68d4c1,Gambling,True,True,"{'evader', 'malware', 'trojan'}"
50134.com,https://24754557.com:8888/app/365app/android_down.html,https://woxnug.com:4431/android/5.3.5/app_rdlo_5.3.5.apk,/data2/sangyiwu/Mobile_Apps/apk_files/app_rdlo_5.3.5.apk,f2d1da59fd1fd701f18ebe3da5fcef14de1d9813f9fb5966b08cbe2cde2caefa,Gambling,True,True,"{'evader', 'malware', 'trojan'}"
dk83.vip,https://m.ytn9mvco3gpi.com:9250/home/index,https://file-new.rkvcviwf.com/app_v4.3.10_host001_2022-10-26_19_39.apk,/data2/sangyiwu/Mobile_Apps/apk_files/app_v4.3.10_host001_2022-10-26_19_39.apk,93c0ac5f0554ea2ecae750bfea95d1ce39ef263a50464a64b704ec3df77f36cd,Gambling,False,True,{'adware'}
dk83.vip,https://m.mx670.com:2053/download?isFromQrcode,https://file-new.rkvcviwf.com/app_v4.7.13_host001_2023-01-17_15_39.apk,/data2/sangyiwu/Mobile_Apps/apk_files/app_v4.7.13_host001_2023-01-17_15_39.apk,fad27c6ed017c3ca1a98ee905be04ebcb480de3b1af9c323365f8fee2bf69467,Gambling,True,False,
952323.com,https://8954913.com/wap#/home,https://tpe83b.cqxqlsz.com/fusion/android/app-aocai-release.apk,/data2/sangyiwu/Mobile_Apps/apk_files/app-aocai-release.apk,9e0715d97289d62f1859dc0d512c365a867c8a3fee026e7c04730b6d71ff056e,Gambling,True,False,
952323.com,https://100cp00.cc/wap#/home,https://pfck3dh.hngsbgxt.com/fusion/android/app-cp100-release.apk,/data2/sangyiwu/Mobile_Apps/apk_files/app-cp100-release.apk,88041161584d13d0d55fe47ac91806cd487c2c70d9e78d4baca1ab3de823e7f5,Gambling,True,False,
1216.com,http://yxwandekaixin.com/1216cp.cc,https://tpe83b.cqxqlsz.com/fusion/android/app-cp1216-release.apk,/data2/sangyiwu/Mobile_Apps/apk_files/app-cp1216-release.apk,b48dc50a13b8112b746bd84ad175bf4b342c5311cf33996e5600309f2061da83,Gambling,True,False,
952323.com,https://1700104.com/wap#/home,https://tpe83b.cqxqlsz.com/fusion/android/app-cp1700-release.apk,/data2/sangyiwu/Mobile_Apps/apk_files/app-cp1700-release.apk,d29a3e084996ac56b2523196957171049317ed51d6cbda261d23be85452b5806,Gambling,True,False,
952323.com,https://19894954.com/wap#/home,https://tpe83b.cqxqlsz.com/fusion/android/app-cp1989-release.apk,/data2/sangyiwu/Mobile_Apps/apk_files/app-cp1989-release.apk,d9ff81f6654e03303d1f09a531b2d68d77263b1ae772a17bbe0246538f1583da,Gambling,False,False,
952323.com,https://1999926.com/wap#/home,https://tpe83b.cqxqlsz.com/fusion/android/app-cp1999-release.apk,/data2/sangyiwu/Mobile_Apps/apk_files/app-cp1999-release.apk,f983e8b346b02053158d89ed0dda11f4b6b552d16ddcbd76356c16826235a046,Gambling,False,False,
952323.com,https://2025030.com/wap#/home,https://tpe83b.cqxqlsz.com/fusion/android/app-cp2025-release.apk,/data2/sangyiwu/Mobile_Apps/apk_files/app-cp2025-release.apk,6a9a37740dabb6bf3bb96e413c4c614461baa68871142e259ebe3122192f86e8,Gambling,True,False,
952323.com,https://9898042.com/wap#/home,https://tpe83b.cqxqlsz.com/fusion/android/app-cp9898-release.apk,/data2/sangyiwu/Mobile_Apps/apk_files/app-cp9898-release.apk,dd13bc1e89bd6244d596cca1c9895da40c189420646b6e3ef2b67202a06719dc,Gambling,True,False,
952323.com,https://www.852ppp.cc/wap#/home,https://tpe83b.cqxqlsz.com/fusion/android/app-leifengcp-release.apk,/data2/sangyiwu/Mobile_Apps/apk_files/app-leifengcp-release.apk,923d722048257d01d691783b9dbe54016a2ccbd169cdfee794003375afc24471,Gambling,True,False,
50134.com,https://79071476.com:8888/app/qr/vns/,https://download.wcidnn9c1d8n.com/oolczaxf/app-ZA455-release.apk,/data2/sangyiwu/Mobile_Apps/apk_files/app-ZA455-release.apk,9e197223b54255718d4a720a43b7a8f455aaef5280c3572fec193806bb32e787,Gambling,True,False,
ff00.co,https://m.nay694.com:8989/pages/index/index,https://appdownload.306101.com/ffbca024/aygj-1.7.6-176.apk,/data2/sangyiwu/Mobile_Apps/apk_files/aygj-1.7.6-176.apk,f62a4928f9b114e25ef88b8ae13817f85852deee37bed4ec11533ee031318974,Gambling,True,True,{'riskware'}
tiyubo.xyz,https://www.4zi2b.com:6002/?i_code=1431016,https://download.31himp3u.com/files/package/ayx_165_130147_0201202345_0.apk,/data2/sangyiwu/Mobile_Apps/apk_files/ayx_165_130147_0201202345_0.apk,51ce7ff20a3c72c482275c3aeb3818a90616a051f1bf70a60507c9b57d9d5c6b,Gambling,True,True,"{'trojan', 'malformed', 'riskware'}"
tiyubo.xyz,https://www.aiyouxi28.app:9976/?i_code=1431016,https://download.31himp3u.com/files/package/ayxsport_165_130143_0201201807_0.apk,/data2/sangyiwu/Mobile_Apps/apk_files/ayxsport_165_130143_0201201807_0.apk,c6bfd5ee7c7998017faa61fe91957eb71f4bb203348d3fe861b6bff91e6b5a24,Gambling,True,True,{'riskware'}
55577733.com,https://www.batchat.com/#/,https://dl.baticq.com/bat.apk,/data2/sangyiwu/Mobile_Apps/apk_files/bat.apk,03143f08590cc1280729b4267a6b6c161ccd02a4e6c01f8621de12b298742bfe,Gambling,True,True,"{'trojan', 'riskware'}"
bb6.com,https://m-vnn9.bbty0vip8.com/download,https://sport.bbywp02089f9v13.com/android/4.6.2/bbsport.apk?1678001916836,/data2/sangyiwu/Mobile_Apps/apk_files/bbsport.apk,d63ae8776b2b104383e4239a2140f40b98b2a983a7605a5b3c2f7338959a9d19,Gambling,True,False,
56.net,https://v999.gtapp123.com/web/bwin/default.html/,https://gt11.gtapp123.com/app/BWIN_1.9.18.apk,/data2/sangyiwu/Mobile_Apps/apk_files/BWIN_1.9.18.apk,b7d9c966958b355cb83e23542d9e25269790a518509de21c50ef155be1fc377b,Gambling,True,True,{'riskware'}
112.net,http://gt4.gtapp123.com/web/bwyl/default.html,https://gt11.gtapp123.com/app/BWYL_1.9.15.apk,/data2/sangyiwu/Mobile_Apps/apk_files/BWYL_1.9.15.apk,1080bab1365c03d81baf0ff0ea40eb01861105571ba9a5b10ed166f0445e0233,Gambling,True,True,{'riskware'}
40yb.cn,https://yabovip.5lqa5y2a.com/?v=40yb.cn,https://download.6togbxkx6pwpm8.com/platformnew/4036/01/c102-4.0.3.10.apk,/data2/sangyiwu/Mobile_Apps/apk_files/c102-4.0.3.10.apk,8cc1ff9808dd8e7e9243e95420135ed1c282d18ca96f7ba0b7e630e96b1c6838,Gambling,True,True,{'riskware'}
8dm8.com,https://h5.bxocoaqe.com/nld/static/app-download,https://dm-app-signed.oss-accelerate.aliyuncs.com/dm_2.35.6_168_prd.apk,/data2/sangyiwu/Mobile_Apps/apk_files/dm_2.35.6_168_prd.apk,72b3cfdb42a7f17b9e1f61a86cad6e95baceaa65d44c05f16c9be85e7d8d5b33,Gambling,True,True,"{'evader', 'malware', 'trojan'}"
77771.pw,https://kaiyuangw.com/,https://dsgapp.dixinjh.com/DSG-Games/android/copy/20230305/dsgnb352023030513.apk,/data2/sangyiwu/Mobile_Apps/apk_files/dsgnb352023030513.apk,6e6eaf216cb6fa6a3adb5155a65289b85c8b0b635df8e489f63e3968f647bb62,Gambling,True,False,
ff00.co,https://m.f1af1.com:8989/pages/index/index,https://appdownload.zhlzcg.com/ffbca023/ffbc-1.7.6-176.apk,/data2/sangyiwu/Mobile_Apps/apk_files/ffbc-1.7.6-176.apk,78bff3a2f506749feffbab799c70164bbae71e2f476f49bd3dfffcdf99205d11,Gambling,True,False,
gs167.com,https://h5.gs167.com/nld/static/app-download,https://h5.gb311.com/download/gbet_1.0.29_prd.apk,/data2/sangyiwu/Mobile_Apps/apk_files/gbet_1.0.29_prd.apk,231065fa5ee067591bc1cfb859c7876a70dd529b022803696a9c05cbb00bab4d,Gambling,True,True,"{'evader', 'malware', 'trojan'}"
yabo888.cc,https://app.dookou.com/,https://download.8p6repw.com/h82/h82.apk,/data2/sangyiwu/Mobile_Apps/apk_files/h82.apk,d7a5241d3d033e47add2a967118f4c4de5e8cd5dae7a4c97533daf739e114e16,Gambling,False,True,{'adware'}
hn.vin,http://hnty-1.o5hnpnwr.xyz/agapp/hngj.php,https://211.99.99.167:3306/HN.apk,/data2/sangyiwu/Mobile_Apps/apk_files/HN.apk,c838655fd2f0dd2c61dab8ed672744adf01aede22be9e570db8e0d82308ea533,Gambling,True,False,
tiyubo.xyz,https://www.htvip80.app:9977/?i_code=5064208,https://download.7evjs1n.com/files/package/hth_165_130229_0203172153_0.apk,/data2/sangyiwu/Mobile_Apps/apk_files/hth_165_130229_0203172153_0.apk,72cc8e274fb8cc4f921b36e51cd467a1ca8a2eae1267ebd1ca75de48280c8a94,Gambling,False,True,"{'adware', 'riskware'}"
tiyubo.xyz,https://www.hthty104.app:9977/?i_code=5064208,https://download.7evjs1n.com/files/package/hthSport_165_130232_0203172616_0.apk,/data2/sangyiwu/Mobile_Apps/apk_files/hthSport_165_130232_0203172616_0.apk,2615696bc775b67664771271c48b26b9a8968ba753dcf931eb2b0d59b7505606,Gambling,True,True,"{'trojan', 'malformed', 'riskware'}"
js88.cc,https://appdown.10000ev.com/code/js/down.html,https://appdown.10000ev.com/new/js/js.apk,/data2/sangyiwu/Mobile_Apps/apk_files/js.apk,752f33354837995050f9d35ce458eb50e5864c7d57c171fe76394aaf17d655f9,Gambling,False,False,
40yb.cn,https://yabovip.5lqa5y2a.com/?v=40yb.cn,https://download.6togbxkx6pwpm8.com/platformnew/4035/kc102-universal-release.apk,/data2/sangyiwu/Mobile_Apps/apk_files/kc102-universal-release.apk,934020d33a1650be0866e82206c7e8d371ed3457fed14731255670247b793c10,Gambling,True,False,
app.kkw033.com,https://app.kkw033.com/,https://app.kkw033.com/kkdt.apk,/data2/sangyiwu/Mobile_Apps/apk_files/kkdt.apk,c7f13333547ad3b613160dcc06f99219ee75dd6cd958380d4747de86269dd65f,Gambling,True,False,
yb7888.com,https://www.o5g70.com:9514/?i_code=98594205,https://download.cwcjm.com/files/package/kyall_603_130306_0207165116_0.apk,/data2/sangyiwu/Mobile_Apps/apk_files/kyall_603_130306_0207165116_0.apk,06cae1662aff657e146ed83aed413974a7c67df28ee398896014aa73ef0b4252,Gambling,False,True,"{'adware', 'riskware'}"
22sjb.pw,https://www.5624i.com:9513/?i_code=29780422,https://download.cwcjm.com/files/package/kyall_603_130307_0207165246_0.apk,/data2/sangyiwu/Mobile_Apps/apk_files/kyall_603_130307_0207165246_0.apk,a97444f66438c4644afc2e6450ef713c8140a63d8af05cccca4df67ee203b5ea,Gambling,True,True,{'trojan'}
www.nbjsfl.com,https://www.lltm2.com/m/home,https://images.b818129.com:42666/wsd-images-prod/linlang/merchant_resource/android/linlang_2.4.23_20230303_11-55-40_20230303120432.apk,/data2/sangyiwu/Mobile_Apps/apk_files/linlang_2.4.23_20230303_11-55-40_20230303120432.apk,13f62a286ee80ad5244685e14151317bf60aa7ba64d70f81555d6f612141bb46,Gambling,True,True,{'riskware'}
thm98.com,https://www.m9853.com/th-th/download,https://www.m9853.com/public/html/download/m98.apk,/data2/sangyiwu/Mobile_Apps/apk_files/m98.apk,a336d165ed96274e6613e8b09b700287b9c897b2b5f2449acfd17711541575d7,Gambling,True,False,
49tk.com,https://app.sdzhoushiya.com/49tk?t=1677998314,https://app.sdzhoushiya.com/data/attachment/o_1gpsj3lq2129f1sdv1fa9f8h1da19.apk,/data2/sangyiwu/Mobile_Apps/apk_files/o_1gpsj3lq2129f1sdv1fa9f8h1da19.apk,97ea0242a815c926cf176b6ea61046daaa0f251d2560c510f0b2c6f1fdee40aa,Gambling,False,False,
www.ob8.cm,https://www.oub63.app:30121/,https://download.50k39.com/files/package/oballgame_50303_242694_0227112405.apk,/data2/sangyiwu/Mobile_Apps/apk_files/oballgame_50303_242694_0227112405.apk,d13d54fbc4e15b7d6bf290fc38f28ee7f87ec69f02340e3abd94d4655f2739d5,Gambling,True,False,
x63.tv,https://www.629ylgj.vip:9900/web/#/element/info/aioDownload,https://d2.wyzdt.com/elibomApp/isSafety/5a131c01-3618-11eb-82d6-005056934804/p629Release_61004_1294.apk,/data2/sangyiwu/Mobile_Apps/apk_files/p629Release_61004_1294.apk,1ae71566abcb5a9ec7bf01e3b8363552f4e63f3451a24b6a90f5cce00a946366,Gambling,False,True,{'trojan'}
6138.com,https://30001381.com:8866/web/#/element/info/aioDownload,https://app.powercolorzi.com/elibomApp/normal/40c17eb6-354d-11eb-82d6-005056934804/p99Release_61004_1262.apk,/data2/sangyiwu/Mobile_Apps/apk_files/p99Release_61004_1262.apk,7d2141c17d55827f23fcfc4afc6152e2f95fc98a56d16a3ee09a250fad92c23f,Gambling,True,True,{'trojan'}
cy8.vip,https://ya.cn/indexMobile.html,https://paoptalk.com/dw/paopao.apk,/data2/sangyiwu/Mobile_Apps/apk_files/paopao.apk,e3b22b4b4a38feb86279a3492f5eb60c21e177c2bc53e470cf21b29e74ae9a44,Gambling,True,True,"{'trojan', 'riskware'}"
rummyroyale.in,http://rummyroyale.in/,https://ossmm02.ersfdokm.com/rummylootqudao/RummyLoot_70002_sign.apk,/data2/sangyiwu/Mobile_Apps/apk_files/RummyLoot_70002_sign.apk,a52d21d56dcda3f48c2b10af07ae2c2b32b9fc26922a397ee28da6926e75fce6,Gambling,True,False,
rummyolaaa.com,https://rummyolaaa.com/,https://ossmm02.ersfdokm.com/Rummyola-apk/Rummyola-channel-600000-v1.33.apk,/data2/sangyiwu/Mobile_Apps/apk_files/Rummyola-channel-600000-v1.33.apk,52cc0a99b14878fbbf26a1c9b0be5d5895b46bdfdba83e0742f7139a5bb0b3b4,Gambling,True,False,
yb35.cc,https://www.96soh.com/?agent_code=5100520&i_code=5100520,https://download.dwlj2.com/01qz3,/data2/sangyiwu/Mobile_Apps/apk_files/s01bb.apk,5a3932abdc73dbde8212ec423e4e68dd3b1dbe1199d17a0dcba671be1af264e2,Gambling,True,True,"{'malformed', 'riskware'}"
8xbet.com,https://8xbet999.com/mobile/downloadApp/#/,https://app.zhangujc.com/appdownload/android/sport_vd001_202302081237_3.88.7_prod_(a1).apk,/data2/sangyiwu/Mobile_Apps/apk_files/sport_vd001_202302081237_3.88.7_prod_(a1).apk,36d831a6b8fe20f3e9c4046a29c66303861c05a20b966cb53a7d4877282dda2b,Gambling,False,False,
y39.vip,https://www.y39ty.com/,https://download.xvtpfm.com/spy39_111111_y39ty_ow.apk,/data2/sangyiwu/Mobile_Apps/apk_files/spy39_111111_y39ty_ow.apk,7b326c289365d8d86de74f314b11fb38bf4110dd83d0b04031e60478156c815f,Gambling,True,True,"{'evader', 'malware', 'trojan', 'riskware'}"
suncity123.com,https://landing-page.cdn-dysxb.com/sun-city/,https://landing-page.cdn-dysxb.com/sun-city/assets/res/SunCity-230213.apk,/data2/sangyiwu/Mobile_Apps/apk_files/SunCity-230213.apk,d3c394f477fe5fcd0ff1123f5d79ca755d4b538ad6998725aab0519f1a034065,Gambling,True,False,
superwin88.vip,https://superwin88.vip/,https://res.bypo.xyz/apk/SuperWin.apk,/data2/sangyiwu/Mobile_Apps/apk_files/SuperWin.apk,d4002439c4e08d2c02f36550c973ca47e38c4deac7a49d91ca6735ff0672369c,Gambling,True,False,
ff00.co,https://m.tbh0103.com/pages/downloadSection/downloadSection,https://appdownload.zhlzcg.com/tbhaa026/tbh-1.7.8-178.apk,/data2/sangyiwu/Mobile_Apps/apk_files/tbh-1.7.8-178.apk,f6cb83c45ead98581fa4f072033af8b613f19db0d2b1fda8f8e5e5b95af21c39,Gambling,True,True,"{'malware', 'adware', 'riskware'}"
yes488.com,http://yes488.com/,https://ossmm02.ersfdokm.com/TeenpattiYes-apk/TeenpattiYes.apk,/data2/sangyiwu/Mobile_Apps/apk_files/TeenpattiYes.apk,7afe8316f4bd18d8a79db017a704fb0526ae6b5aa292b76c5cf3b0d82f384dca,Gambling,False,False,
cockfight.in,https://cockfight.in/,https://funplusapp.com/v-16-pl16-v3.9.6_611AB476FA06795E4500945718FE37F6.apk,/data2/sangyiwu/Mobile_Apps/apk_files/v-16-pl16-v3.9.6_611AB476FA06795E4500945718FE37F6.apk,545b602d72ce65f3f901e60ceb95701cf5832fe1325b0b2e97e7b39b6b81c192,Gambling,True,True,"{'evader', 'malware', 'trojan'}"
55402.com,https://www.kpe402.com:6899/web/#/element/info/aioDownload,https://d2.wyzdt.com/elibomApp/isSafety/5fb4a16c-386e-11eb-82d6-005056934804/wyRelease_61004_1363.apk,/data2/sangyiwu/Mobile_Apps/apk_files/wyRelease_61004_1363.apk,90d8c3c86f10141ebdc7584036147c2f4571e879b94906e1282ee2a93248acec,Gambling,True,True,{'trojan'}
www.xbs8601.com,https://nec.cx099.vip:2443/app.php/MjExNw==,https://firdownload.s3.amazonaws.com/xbsapp-493.apk,/data2/sangyiwu/Mobile_Apps/apk_files/xbsapp-493.apk,873e21b611870a27a4c98b348c5b3d72c56dbb827db275b39a0182df81bc148b,Gambling,False,False,
ee1499.com,https://app.xgz68.top/?channel_code=Jq6Nkq,https://do-1.cosscdn7.top/xgz/and/ofi/302/xgzmini_ch1.3.11848.apk,/data2/sangyiwu/Mobile_Apps/apk_files/xgzmini_ch1.3.11848.apk,3d7adfe504f04d441e64d1f220af5f544ff57bdc1a149837d7bdc5e3eac30a62,Gambling,True,True,"{'trojan', 'riskware'}"
ff00.co,https://m.ya1b1.com:8989/pages/index/index,https://appdownload.zhlzcg.com/ybyla006/ybyl-1.6.8-168.apk,/data2/sangyiwu/Mobile_Apps/apk_files/ybyl-1.6.8-168.apk,e7a3188ad0bfde570a39c9db022fed4641ce302f4bbf44ef4a081de0481ac24b,Gambling,True,False,
www.yibo.com,https://www.yibobet246.app:30120/,https://download.61fy9.com/files/package/yibogame_50304_243392_0301175212.apk,/data2/sangyiwu/Mobile_Apps/apk_files/yibogame_50304_243392_0301175212.apk,2c1c5e27e56dea911493146e3e5e4031596abce07685c3828280146cba0b1bdb,Gambling,True,False,
www.nbjsfl.com,https://www.ghjeu.com:12876/bmuACZ?cckey=0a467a79,https://www.ghjeu.com/static/storage/apk/5315/%E5%A4%A9%E8%BE%B0%E5%A8%B1%E4%B9%90.apk,/data2/sangyiwu/Mobile_Apps/apk_files/天辰娱乐.apk,dafca3af7c17e4aa36a4038e8060bfe8542fda691f988888441a9b668aeb7ffa,Gambling,False,True,{'trojan'}
www.nbjsfl.com,https://www.ghjeu.com:12876/lyW689,https://www.ghjeu.com/static/storage/apk/5316/%E5%A4%A9%E5%AF%8C%E5%A8%B1%E4%B9%90.apk,/data2/sangyiwu/Mobile_Apps/apk_files/天富娱乐.apk,8c60cab0f3025ab48f46fb03d121e9b4f13194ba8a7d2dd6cd4381a37acefedc,Gambling,False,True,{'trojan'}
k77.tv,https://7777usdt.vip/home/game?id=cny024,https://zgk48j-166-ppp.s3.ap-east-1.amazonaws.com/cocos/download/166_zh_3.1.26_full.apk?X-Amz-Algorithm=AWS4-HMAC-SHA256&X-Amz-Credential=AKIATLSXYZMD5ALTWIEP%2F20230223%2Fap-east-1%2Fs3%2Faws4_request&X-Amz-Date=20230223T072639Z&X-Amz-Expires=600&X-Amz-SignedHeaders=host&X-Amz-Signature=175d07281f6e4da81cc495a4a98bbe5286bfb20526890ffb3c20b6adc092653a,/data2/sangyiwu/Mobile_Apps/apk_files/166_zh_3.1.26_full.apk,30d3e8e90347b206a75f930f9b6dedf35b9c4577c67925ce5b47c07389b3ebba,Gambling,True,True,"{'evader', 'malware', 'trojan', 'riskware'}"
k68.tv,https://6666usdt.vip/home/game?id=ut24,https://zgk48j-166-ppp.s3.ap-east-1.amazonaws.com/cocos/download/166_zh_normal_3.1.26.apk?X-Amz-Algorithm=AWS4-HMAC-SHA256&X-Amz-Credential=AKIATLSXYZMD5ALTWIEP%2F20230223%2Fap-east-1%2Fs3%2Faws4_request&X-Amz-Date=20230223T072639Z&X-Amz-Expires=600&X-Amz-SignedHeaders=host&X-Amz-Signature=e94fcf5a9ffd73e3e8e971aa23b3592ee41160237321bd920185c94c3eea7997,/data2/sangyiwu/Mobile_Apps/apk_files/166_zh_normal_3.1.26.apk,bc6b9fde1bc594fe06f543d0a33d4fb256d4c99ecb3b1a6040e6c7fc0b47e4b5,Gambling,True,True,"{'evader', 'malware', 'trojan', 'riskware'}"
m.500.com,https://www.500.com/wap/index.php,https://soft.500.com/updatefiles/v4.7.8/500_lottery_client_for_Android_4.7.8.10000.apk,/data2/sangyiwu/Mobile_Apps/apk_files/500_lottery_client_for_Android_4.7.8.10000.apk,984d3981a96297aa36f2095af9332fca3d4a99f927811da76bddde87566dac1f,Gambling,True,True,"{'trojan', 'riskware'}"
8888sg.vip,https://160c.app/60cpwdlmobile/,https://downloadnowapp888.com/cashv5/60cp/60cpwdl.apk,/data2/sangyiwu/Mobile_Apps/apk_files/60cpwdl.apk,3a9a37a8189600a5079411fca29910e95167fbc1a76b5aa7d8dde829132e9f8f,Gambling,True,True,"{'evader', 'malware', 'trojan'}"
vip888.in,https://rajd2.com/o9v4Q,https://aoss.fnur8d.com/apk/202302041741/61d481e676f4a.apk?sign=a39e3314e5ebf69a534622b4c508969e&t=1677133579,/data2/sangyiwu/Mobile_Apps/apk_files/61d481e676f4a.apk,d6685d18ace5eef86cc7c490633c3644744029df62cefc4d22c7327af9065201,Gambling,True,True,"{'malware', 'riskware'}"
hg98.net,https://raldt7.com/zLJpK,https://tqow3.vip/apk/202302222043/6380a12157e1a.apk?sign=727fd23fb722159e8181f5e1ce70ba02&t=1677136113,/data2/sangyiwu/Mobile_Apps/apk_files/6380a12157e1a.apk,b5ab38af53a11448d65a30178d96e0a3d55adf5fc36f06f0d5d57a3d6fce2cdb,Gambling,True,False,
bs18.me,https://www.aoabet267.app:30111/?i_code=6980862,https://download.echahang.com/files/package/aoagame_50300_240571_0215170225.apk,/data2/sangyiwu/Mobile_Apps/apk_files/aoagame_50300_240571_0215170225.apk,d9c38b0dcd6b974f838558825748acf00dd2d78ae00d229ca8d5329209f964f1,Gambling,True,False,
168kai.com,https://168appqr.com/download.html,https://168appqr.com/app-Adv168-release_v1.5.40.apk,/data2/sangyiwu/Mobile_Apps/apk_files/app-Adv168-release_v1.5.40.apk,cb71e3461a6ae5f16453c1b455071a937f3eadbbecfb32a3ee00655493efe460,Gambling,True,True,"{'evader', 'malware', 'trojan'}"
www.yichuanghuanwei.com,https://www.kex4r.com:9133/?i_code=1854094,https://download.31himp3u.com/files/package/ayx_165_130142_0201201553_0.apk,/data2/sangyiwu/Mobile_Apps/apk_files/ayx_165_130142_0201201553_0.apk,ab644a0431405e2f5b2e498e04accde71f3fdb0e5aa80dba2b24cdff59bb0e0d,Gambling,True,True,{'riskware'}
308k.com,https://app.30856789.com/,https://500b.5005859.com:8443/App/baiwanluntan-2.1.0.apk,/data2/sangyiwu/Mobile_Apps/apk_files/baiwanluntan-2.1.0.apk,3b97af262b6910a58f9437edcb1d06bf7ab4e062c1e26fdf652463000089645d,Gambling,False,True,"{'malware', 'trojan', 'riskware'}"
www.jylfys.com,https://www.1g3k.com:8899/?agent_code=6005011&i_code=6005011,https://download.mzn5e4.com/android/Bob.apk,/data2/sangyiwu/Mobile_Apps/apk_files/Bob.apk,b92d2417358eaadc7d71d122b193e51f39cceda8eca8eac30eeae2d2635e76cc,Gambling,False,True,"{'trojan', 'adware', 'riskware'}"
www.jylfys.com,https://www.boyubet120.app:30112/?sport/&i_code=5938873,nan,/data2/sangyiwu/Mobile_Apps/apk_files/boyu_15_sport_50300_240654_0215181204.apk,f8f9bd1f414dd32fbc4b059eaf043e356972a2ea53e6e003a7a7b1115b9ff838,Gambling,True,False,
40yb.cn,https://yabovip.5lqa5y2a.com/?v=40yb.cn,https://download.6togbxkx6pwpm8.com/platformnew/4034/c102-4.0.3.2.apk,/data2/sangyiwu/Mobile_Apps/apk_files/c102-4.0.3.2.apk,e56a8cfaf83d89bf0988384e2a957ac0c0bf11e4a6370eb3edb83b2136e984f3,Gambling,True,False,
88.vin,https://88vin.tv/download?v=2504202209637865206066757801&s=8&p=7&l=3,https://download.88vin.tv/android/com.royal.g365.v1.0.15.apk,/data2/sangyiwu/Mobile_Apps/apk_files/com.royal.g365.v1.0.15.apk,a8eb99bb41c749787cb6c893a8c869ff56ac9add7fa1371e09ebded660a05bd5,Gambling,True,False,
88.vin,https://88vin.tv/download?v=2504202209637865206066757801&s=8&p=1&l=3,https://download.88vin.tv/android/com.royal.g88.v1.0.45.apk,/data2/sangyiwu/Mobile_Apps/apk_files/com.royal.g88.v1.0.45.apk,7cfdfacc84250f93349e5cff5cdadfba75d6699adc4411b33181f8309b1a1548,Gambling,False,False,
88.vin,https://88vin.tv/download?v=2504202209637865206066757801&s=8&p=4&l=3,https://download.88vin.tv/android/com.royal.m365.v1.0.24.apk,/data2/sangyiwu/Mobile_Apps/apk_files/com.royal.m365.v1.0.24.apk,d50fca863c449bb945c8b96b9cb950ea062e2b537fdc1b0ec28db49a2a915d46,Gambling,True,False,
88.vin,https://88vin.tv/download?v=2504202209637865206066757801&s=8&p=2&l=3,https://download.88vin.tv/android/com.royal.m88.v1.0.35.apk,/data2/sangyiwu/Mobile_Apps/apk_files/com.royal.m88.v1.0.35.apk,42bc483c7fd1a68ad41a6c3fce87d6399aec13631877419c52f924330e50df30,Gambling,False,False,
88.vin,https://88vin.tv/download?v=2504202209637865206066757801&s=8&p=8&l=3,https://download.88vin.tv/android/com.royal.r365.v1.0.12.apk,/data2/sangyiwu/Mobile_Apps/apk_files/com.royal.r365.v1.0.12.apk,52241bcce3d7a73ba56ae780af623f9291b4ceb77bbd3f37809dbbde71e7739d,Gambling,True,False,
88.vin,https://88vin.tv/download?v=2504202209637865206066757801&s=8&p=3&l=3,https://download.88vin.tv/android/com.royal.r88.v1.0.35.apk,/data2/sangyiwu/Mobile_Apps/apk_files/com.royal.r88.v1.0.35.apk,91b75eb34b83cb6e512a3e4d43c7a0256d2573b2b02aed02de1a889d7bd26456,Gambling,True,False,
88.vin,https://88vin.tv/download?v=2504202209637865206066757801&s=8&p=9&l=3,https://download.88vin.tv/android/com.royal.v88.v1.0.12.apk,/data2/sangyiwu/Mobile_Apps/apk_files/com.royal.v88.v1.0.12.apk,0095b89a7c4325c9e02327702bcd8e8fcebad05e92d173387ac8b6b0ea02966b,Gambling,True,False,
88.vin,https://88vin.tv/download?v=2504202209637865206066757801&s=8&p=6&l=3,https://download.88vin.tv/android/com.royal.w365.v1.0.17.apk,/data2/sangyiwu/Mobile_Apps/apk_files/com.royal.w365.v1.0.17.apk,159237e9cb5fef4d5ae36ee3417f3cf8e21675cd99f589092361d0d1fd9351e5,Gambling,True,False,
88.vin,https://88vin.tv/download?v=2504202209637865206066757801&s=8&p=5&l=3,https://download.88vin.tv/android/com.royal.w88.v1.0.32.apk,/data2/sangyiwu/Mobile_Apps/apk_files/com.royal.w88.v1.0.32.apk,ee97c27e6c6d384f6a0ceb0698b0c6be0d4aca217d0f5547f8c212a4d68052d9,Gambling,True,False,
dsy865.com,https://23usp88u.cc/api/download,https://static.abacadiakmc.com/app/d8475.com_9.0.apk?_t=1673513348400,/data2/sangyiwu/Mobile_Apps/apk_files/d8475.com_9.0.apk,fcab677aaf1254d3759f3f758cf840981171290d22cf8ed227311755fe3a1c4e,Gambling,True,True,{'adware'}
77771.pw,https://kaiyuangw.com/,https://dsgapp.dixinjh.com/DSG-Games/android/copy/20230224/dsgnb352023022421.apk,/data2/sangyiwu/Mobile_Apps/apk_files/dsgnb352023022421.apk,cbe239be44ee12bdb8c201e5691e0c201e47a15d90d83615044ab6192aad1039,Gambling,True,False,
md278.cc,https://16h040.com/m/#/download,https://16h040.com/oss/1007-saas/20230213/ec6c4d470bd66468bd79a79114f5fa8f.apk,/data2/sangyiwu/Mobile_Apps/apk_files/ec6c4d470bd66468bd79a79114f5fa8f.apk,f3d71ffee2994ef64b1677ac9240d460cd1ef497735b2b2793f0de6887bb3e6b,Gambling,True,True,{'riskware'}
ekbet.com,https://app.ekbet.com/ekbet,https://static.w7atiwbkmwkvx.com/app/ekbet_4.0.apk?_t=1676531486472,/data2/sangyiwu/Mobile_Apps/apk_files/ekbet_4.0.apk,4ba087a6d08ba374f66c5eb084dc586d2cc6b19777e1902f4193393c51bbfbe4,Gambling,True,False,
ay64.com,https://appdownload.zhlacg.com/a/ffbca023,nan,/data2/sangyiwu/Mobile_Apps/apk_files/ffbc-1.7.5-175.apk,3d6edc95b5bcd76dd5c4ccc0514aff771fc9129392456ba1ac7401263876d966,Gambling,True,True,{'riskware'}
hui7788.com,https://www.55542137.com:9900/web/#/element/info/aioDownload,https://app.powercolorzi.com/elibomApp/normal/f32d5096-353c-11eb-82d6-005056934804/hhRelease_61004_1251.apk,/data2/sangyiwu/Mobile_Apps/apk_files/hhRelease_61004_1251.apk,81cbeabb31f95b35fc8fb896295f78b23c87dc4a8b7e3fec3eb691ae57546b9a,Gambling,True,False,
tiyubo.xyz,https://www.hthty104.app:9977/?i_code=5064208,https://download.7evjs1n.com/files/package/hthSport_165_130231_0203172446_0.apk,/data2/sangyiwu/Mobile_Apps/apk_files/hthSport_165_130231_0203172446_0.apk,861a9fe997947fbfa1a8250bf96ecc75372b79e9d1d3410c007a41af2b556417,Gambling,True,True,{'riskware'}
979823.com,https://m.9793t.com/m#/home,https://www.txwl-app.net/husb/husb-app.apk,/data2/sangyiwu/Mobile_Apps/apk_files/husb-app.apk,6bb86f3fded167b4b0dad3333d66832b4a0dc2de8fd8dd57ea3aea6dccf8d2ec,Gambling,False,False,
nohu52.net,https://nohu52.in/download/,https://appcenter-filemanagement-distrib5ede6f06e.azureedge.net/d0ef74c7-9c96-4a76-b27c-4625d79f6071/NoHu52.apk?sv=2019-02-02&sr=c&sig=cu9Y0qISBKFHzPL44tS%2FvvXQRAkDEfkQ1IED7PmGAL0%3D&se=2023-02-28T02%3A33%3A12Z&sp=r&download_origin=appcenter,/data2/sangyiwu/Mobile_Apps/apk_files/NoHu52.apk,093ebf72f3024807834c8f6e2ae2ea9127d874e369554167b30bada28bc53be0,Gambling,False,False,
ob08.cn,https://www.oub63.app:30121/,https://download.50k39.com/files/package/oballgame_50300_240580_0215170910.apk,/data2/sangyiwu/Mobile_Apps/apk_files/oballgame_50300_240580_0215170910.apk,f67a49a91efe4d9c9abb0c7a75b8e8c8bcf9b09b65116c24fae146433a3f169c,Gambling,True,False,
teenpattiofficial.com,https://lg.pattistars.com/m/preDownload?channel=34,https://pattistars.com/apk/20221205090045/PattiStars-release1.2.4_34.apk?,/data2/sangyiwu/Mobile_Apps/apk_files/PattiStars-release1.2.4_34.apk,998535812797aa4440af5b8656334bd1ef3d5e2cbc08a07fe9b6e1fc747d4420,Gambling,True,False,
6686h3.com,https://216686.app/,https://app.hongshanshangmao.xyz/appdownload/android/sport_vd004_202302081037_3.88.7_prod_(d1).apk,/data2/sangyiwu/Mobile_Apps/apk_files/sport_vd004_202302081037_3.88.7_prod_(d1).apk,6c6865c74c34ed7adbc49fc08563b8bd3aed5a5488f4ab7e72e4147a45efdc95,Gambling,True,True,"{'evader', 'malware', 'trojan'}"
www.tl777777.com,https://fir.clomc.com:1443/app.php/MjEzNA==,https://firdownload.s3.amazonaws.com/tl4.2.apk,/data2/sangyiwu/Mobile_Apps/apk_files/tl4.2.apk,d96bc41fe86787982d004872255f733fe3702c013e0d0cd912e544719081cb0e,Gambling,False,False,
race77.com,https://www.ub8now.com/download,https://static.ub8pro.com/static/app/ub-12.apk,/data2/sangyiwu/Mobile_Apps/apk_files/ub-12.apk,e2c705997b5dc491be00a0a96eddb816fbf64838108e94c84240cb0483fd4ef4,Gambling,False,False,
win456g.com,https://win456g.com,https://win456source.oss-ap-southeast-1.aliyuncs.com/package/win456-221217.apk,/data2/sangyiwu/Mobile_Apps/apk_files/win456-221217.apk,18645f94e6b3fa115e28d8f929339df15022962f7e714a0990ab6f167bb6e18f,Gambling,False,True,"{'trojan', 'riskware'}"
xwsy3.app,https://xwsy101cjq.kkkemf.com/,https://cdn.jiahuixiang.com/xwcp_Android_production.apk,/data2/sangyiwu/Mobile_Apps/apk_files/xwcp_Android_production.apk,25ee607ba4431317e3e370eb5b797594a57dd296c0dd58ffe469161dcd128cd6,Gambling,True,False,
64yb.cc,https://www.yide405.app:39001/?sport/&i_code=4751897,https://www.yide405.app:39001/ak/files/package/yide_7_gold_sport_50300_240658_0215181202.apk,/data2/sangyiwu/Mobile_Apps/apk_files/yide_7_gold_sport_50300_240658_0215181202.apk,a7dfbb416067d86787da9e31055d83bfe36dc06e53f6c2040b2db98c032a90af,Gambling,True,True,{'riskware'}
113.cc,https://957v.cc/?pt=113cpcp,https://download.wangsicongvip.com/zh957_release.apk?v=0771000,/data2/sangyiwu/Mobile_Apps/apk_files/zh957_release.apk,756864faf3a3ab9a73862cb55bbbb7977b29e81e45f9e4a9e0456de9bb2ccb09,Gambling,True,True,"{'trojan', 'riskware'}"
38691.in,https://pleijsh4.301aippc.com/ap06r,https://ss0ss23218-1316755784.cos.ap-guangzhou.myqcloud.com/storage/apk/2023/0304/04151226nyps.apk?sign=q-sign-algorithm%3Dsha1%26q-ak%3DIKIDzrX0GH31oPnxueLq7B1gx1ub4LPEo9IE%26q-sign-time%3D1678007822%3B1678008002%26q-key-time%3D1678007822%3B1678008002%26q-header-list%3Dhost%26q-url-param-list%3Dparam1%26q-signature%3Dc28a18794d081fbc8b2dd7bc8fbcd28243f7e2d7&param1=value1,/data2/sangyiwu/Mobile_Apps/apk_files/04151226nyps.apk,6c89b78bec944c207e3795b3e7bef2e3daf8abad7e53c6b4981e423c3588aeaf,Sex & Porn,True,True,"{'trojan', 'riskware'}"
www.24398.cc,https://23nhusdj.dishik.com/mp3ki,https://ss0ss23218-1316755784.cos.ap-guangzhou.myqcloud.com/storage/apk/2023/0304/04224327pico.apk?sign=q-sign-algorithm%3Dsha1%26q-ak%3DIKIDzrX0GH31oPnxueLq7B1gx1ub4LPEo9IE%26q-sign-time%3D1677999504%3B1677999684%26q-key-time%3D1677999504%3B1677999684%26q-header-list%3Dhost%26q-url-param-list%3Dparam1%26q-signature%3D3d14b3027ce1429b5bde0a62dfb91ffb399a7390&param1=value1,/data2/sangyiwu/Mobile_Apps/apk_files/04224327pico.apk,375bb652f5ce476344b1623a8af5dccfac46924a8dfb3fdae6077b64093a26da,Sex & Porn,True,True,"{'trojan', 'riskware'}"
www.24398.cc,https://tut66.cc/1.html?channelCode=cpa31,https://bmrzcjvytm8.s3-accelerate.amazonaws.com/145718_sign.apk,/data2/sangyiwu/Mobile_Apps/apk_files/145718_sign.apk,4768732686c589752151aeadd714c26a82bc27997c805f8ca6e508a0ca65f98d,Sex & Porn,True,True,{'riskware'}
www.qckanzy.com,http://www.qckanzy.com/,https://mkavarpwwe20.oldcolor.org/166385_sign.apk,/data2/sangyiwu/Mobile_Apps/apk_files/166385_sign.apk,42d3bab8d41ba71f674cfa169392fa8769ddc07b200ef9af820c5aefad312ad0,Sex & Porn,True,True,{'riskware'}
kg965.vip,https://a.kg965.vip/?channelCode=kpi1,https://nyuwdatkfv133.s3.ap-east-1.amazonaws.com/82549_sign.apk,/data2/sangyiwu/Mobile_Apps/apk_files/82549_sign.apk,5fe083c8ae3713a60cd686955b8513701ba068a3645ef6c0ddfd390b9d9dc7a1,Sex & Porn,True,True,{'riskware'}
www.65xw.com,https://akl.cm520520.com/,https://akl.apkxz02.com/assets/packagebucket1/app.apk,/data2/sangyiwu/Mobile_Apps/apk_files/caomeiyingyuan.apk,7bf53d8a06fa25219e626608a1406d7dbd50ed3388249de23fb812273da79f7f,Sex & Porn,False,True,"{'riskware', 'trojan', 'spyware', 'adware', 'malware'}"
www.24398.cc,https://7ax2wx.xyz/1.html?channelCode=cmI12172,https://20230305edb416302ddd0f3c.oss-cn-hangzhou.aliyuncs.com/public/cm_1c3tr3b6600a37.apk,/data2/sangyiwu/Mobile_Apps/apk_files/cm_1c3tr3b6600a37.apk,38291f7426ee4db9d5c59651a7cb563b6ed0f9a17095fc6aca33fc7a2d269861,Sex & Porn,True,True,"{'malware', 'trojan', 'riskware'}"
ox501.xyz,https://www.footseen.xyz/,https://bgps2.yazhai.co/footseexyz/apk/ftsBH5PC.apk,/data2/sangyiwu/Mobile_Apps/apk_files/ftsBH5PC.apk,a49b3d725d5b9ed9ec8f2ad739595c4dd7814b6b14334874a987e17e202c57a2,Sex & Porn,False,False,
ox502.xyz,https://ox502.xyz/,https://bgps2.yazhai.co/footseexyz/apk/ftsH502.apk,/data2/sangyiwu/Mobile_Apps/apk_files/ftsH502.apk,b0bb1037bfed06cfc6b4367068d99383c8066ce3c8603fb735e86b24a305a305,Sex & Porn,True,False,
www.24398.cc,https://za4vmy2q.com/?channelCode=A12,https://tenqianhk-1316798247.cos.accelerate.myqcloud.com/2-noName-weiwei-com/GAz3t5NlZzzPZ0o0kXd8TGB7ti0LZAp2TAiQUILFN1NmePOe9GyUild4zrgvY.apk?q-sign-algorithm=sha1&q-ak=IKIDRo2351lHauOuGcAXhkdKp8JKE70iKm8J&q-sign-time=1677999616%3B1678000276&q-key-time=1677999616%3B1678000276&q-header-list=host&q-url-param-list=response-content-disposition&q-signature=ad3d8489fb2cf6a6eab561ecdb643f04631389b9&response-content-disposition=attachment%3B+,/data2/sangyiwu/Mobile_Apps/apk_files/GAz3t5NlZzzPZ0o0kXd8TGB7ti0LZAp2TAiQUILFN1NmePOe9GyUild4zrgvY.apk,4c9bf939ed4032e9bd3d45ac2de2e853d5ebf34875ac6fc2a65c6502165623e9,Sex & Porn,True,True,{'trojan'}
51zx.cc,https://app.nkfp.xyz/i-3AYPE6,https://apt.xfyljt.com/app/joi_230224_7.4.0_38217_share-3AYPE6.apk,/data2/sangyiwu/Mobile_Apps/apk_files/joi_230224_7.4.0_38217_share-3AYPE6.apk,3b206b422256489ad4b9cb1ffc3034b8e0b810c02d4495d81a0a4557b577a3eb,Sex & Porn,True,False,
kk88ss.xyz,http://iughkdkwl.xyz/a1.html,https://ddasf3.7wen.wang/neteawse_11.6.apk,/data2/sangyiwu/Mobile_Apps/apk_files/neteawse_11.6.apk,333fc353e9702d4753c55f3c3583ba3deee49d054f93bd090df66e07de328254,Sex & Porn,True,True,{'trojan'}
www.24398.cc,https://appiso-ali.hkfgfdg.com/?b2gxMV90MzgyNA==&c=97477451193#/,https://appiso-ali.hkfgfdg.com/app/android/oh11_t3824_full.apk,/data2/sangyiwu/Mobile_Apps/apk_files/oh11_t3824_full.apk,3171a2cd235d10c719e445409fe07181335f0765701e111a138c6746485937ba,Sex & Porn,True,True,{'riskware'}
onelive.cc,http://onelive.cc/,https://file.qqlcloud.xyz/android/qqlive_user.apk,/data2/sangyiwu/Mobile_Apps/apk_files/qqlive_user.apk,f7c5d05a817d479678515a6828b748f8ce4467611fa91fa3b437c85eced70423,Sex & Porn,False,False,
www.24398.cc,https://tdd.q9tldjgt.xyz/videoh5.html?channelCode=td889,https://hzyd.statchannel.top/a/asvq0j/c/eyJjIjoidGQ4ODkiLCJtIjoienU1V3pzN3lLSklBQUFHR3NKV0FoMGxaRnlxcmlwa3Q4VkE4QXpzSW4xVUpYRlBlX0VTYVFhbkNla2hsdVBoTFBFV2ptZnZyenh4eGZMN2JVUVhBWkVmZzVJaDlQYU5iOGdhdXF2dVJlSHg2NlJ5S05fVDFvRTZjbVhsLUVqUUxpRXpGNXZwZjJTYlllNVVMMXEzUFZGaExRdzJYbUxKSGxsYW95eWRQX0pYVmtyclpHZWdHTUF0ZklDYTdoTzdiMk1sVGdQS2FCMW50VWZsY05kMmtJMlB5N1F4Q2tVWlU4YWJpNm1JcU55VTh1bF9sZldEMmtsUU1KRzZWWnRaOG1KM3Q1UTJIaEQ0Nkp3dW5KZmtzb2VYM3JobGM3TWNWZVR4b0J2aTh5T3JVNGtESmwxRXRLWGZvWDNJS3RrUkQtdlZOeTNqNDZWOUF0cWc1MThxclhUQS1KUUVabGE5U1kzcWhqZGY1Y1EifQ/TdPro_119.apk,/data2/sangyiwu/Mobile_Apps/apk_files/TdPro_119.apk,3385cae580b09ce61a2dc71ad41a162f3d357f93fbd8214245715ebff39f9741,Sex & Porn,True,False,
kk88ss.xyz,https://823c7d404813493b8816ab5e2fdf8298.afcmxubk.top/1000023,https://apineq.7wen.wang/test.vppie.195.apk,/data2/sangyiwu/Mobile_Apps/apk_files/test.vppie.195.apk,0ea2152af0d04242a600251fc81c0bafa9cb95d8a5fbb5ff4513dfc05cf1f3d1,Sex & Porn,False,True,{'trojan'}
www.24398.cc,https://xcf53.top/?channelCode=xincha,https://baixingoo.com/xincha20230226-4.apk,/data2/sangyiwu/Mobile_Apps/apk_files/xincha20230226-4.apk,6fbbf32788a1c2da61c694127cf04fe2e682e6d046231cae781d8e67fa22232a,Sex & Porn,True,True,"{'malware', 'trojan', 'malformed'}"
ox319.com,https://ox319.com/,https://bgps2.yazhai.co/footseexyz/apk/YHXLB.apk,/data2/sangyiwu/Mobile_Apps/apk_files/YHXLB.apk,8dcaa3b0691030ca2dbd7c69263a59e4d5e1a69bfddaeda05ca5ccf6babb3987,Sex & Porn,True,False,
ox244.com,https://ox244.com/,https://bgps2.yazhai.co/footseexyz/apk/YHXXY.apk,/data2/sangyiwu/Mobile_Apps/apk_files/YHXXY.apk,d1d687d466ff8f79e4183a430c780c6aa009ae64b575b58e76e691458df4fb7e,Sex & Porn,True,False,
www.24398.cc,https://xcc.yu5cbcws.xyz/?code=JAFZR,https://d3kouur05bi52.cloudfront.net/video/apk/%E6%98%A5%E6%B0%B4%E5%A0%824.1.1.6.apk,/data2/sangyiwu/Mobile_Apps/apk_files/春水堂4.1.1.6.apk,dad3fba670e6ae5d233c7668b19808cba27a6cd6f6941e87f69bc11c4280485a,Sex & Porn,True,True,"{'malware', 'trojan', 'riskware'}"
www.24398.cc,https://kl.gd2eighm.xyz/?code=00265DAEL,https://d3kouur05bi52.cloudfront.net/video/apk/%E7%9C%8B%E4%BA%86%E4%B9%88_104.apk,/data2/sangyiwu/Mobile_Apps/apk_files/看了么_104.apk,5c3032a98824171a21884b0ea1a1fa641b3e3b5d116d5e82af89e136447653db,Sex & Porn,False,False,
2023c.com,https://91xfycvl.com/?ch=ofts1cy,https://cdn.arstwacv.com/91cy/android/0113-v1.3-8d8cd0c65221eafd4l696lf5a0040660.apk,/data2/sangyiwu/Mobile_Apps/apk_files/0113-v1.3-8d8cd0c65221eafd4l6961f5a0040660.apk,3f458c5df642d631ffa7242e195abdaf023202ccb2ed95d530f8fd553e20d68c,Sex & Porn,True,True,"{'evader', 'malware', 'trojan'}"
2023c.com,https://sir.aff008.cool/c-2762/a-a5Yrj,https://download.7dgirl.org/lu/0223.apk,/data2/sangyiwu/Mobile_Apps/apk_files/0223.apk,7d806738bc4693292329222e78a166a50a2094c8662b00200ba97a59156a0821,Sex & Porn,False,True,{'trojan'}
2023c.com,https://download.gkd4.app/51273969,https://app.kwqwww.com/Audience/1.12.2-890.apk,/data2/sangyiwu/Mobile_Apps/apk_files/1.12.2-889.apk,620fd500d49e4b60d54063f2f5f55474bf1afc027add15cee85cda0e56057605,Sex & Porn,True,True,{'riskware'}
2023c.com,https://89153872.com:9999/?channelCode=hgdh2,https://zbxm-apk.oss-accelerate.aliyuncs.com/20230223/139423_sign.apk,/data2/sangyiwu/Mobile_Apps/apk_files/139423_sign.apk,ac9d572b2426460dad67b5aa3dafb3ebb336d33b7b4c838a06971828a6be0e8d,Sex & Porn,True,True,"{'trojan', 'riskware'}"
2023c.com,https://xk7841sm.com/?_c=oxts1xk,https://awa2k.jlluzhuang.com/xk/android/20221121-212345-ch1.apk,/data2/sangyiwu/Mobile_Apps/apk_files/20221121-212345-ch1.apk,28071f049efdecb8fee10dc56b36bf1fc9dd8c60d2721d928969446b5c9b2028,Sex & Porn,True,False,
2023c.com,https://3dsf9fs.com/?_c=oxts1xb,https://comak.69zx.com/hg/android/20221213-184600-hw1.apk,/data2/sangyiwu/Mobile_Apps/apk_files/20221213-184600-hw1.apk,66305af05025b0e4ae8638346494498cd2879bf09414297e13cba6ebbd67ce22,Sex & Porn,False,True,"{'evader', 'malware', 'trojan'}"
2023c.com,https://inwn21.com/?_chan=oxts1qz,https://dwdak.baiyidaijia.com/91qz/android/qz-aslcg13lsa12al1hyj0l53x-0221.apk,/data2/sangyiwu/Mobile_Apps/apk_files/20230206-204441-hw1.apk,e6415a5f7d895d2231fec19e20127d2d8e2df6998955282dc5cc516d479f2aab,Sex & Porn,False,True,"{'evader', 'malware', 'trojan'}"
2023c.com,https://zxcfsad.com/?_c=ofts1xb,https://comak.69zx.com/xb/android/20230208-222225-ch1.apk,/data2/sangyiwu/Mobile_Apps/apk_files/20230208-222418-ch3.apk,c0dd146cf94cb23fa63ca401b98116fdfdda74eaf446eecb8f006b7ee32f3ee9,Sex & Porn,False,True,"{'evader', 'malware', 'trojan'}"
2023c.com,https://cmerw5hm.com/?ch=oxts1cm,https://cdn.cjvjraud.com/caomei/android/20230211-121608.apk,/data2/sangyiwu/Mobile_Apps/apk_files/20230211-121608.apk,80b5edf988556cc791c222f914c44c61619d169d7af95143f4ab81fcaee65243,Sex & Porn,False,False,
2023c.com,https://50.aff008.cool/chan/h51498/bVqfa,https://download.7dgirl.org/down/50dh/50ash_5.7.0_230216_2.apk,/data2/sangyiwu/Mobile_Apps/apk_files/50ash_5.7.0_230216_2.apk,e2b832cc5110556dc4a43e79fad173d381a5a2908c7669b62a2e860ccc55880d,Sex & Porn,False,True,{'trojan'}
2023c.com,https://chik2vu1.com/?_c=oxts1mh,https://cdn.mkffjssh.com/51mh/android/51-20230221-v2.6-8fe8d941fe68daf9acdca626eclafa76.apk,/data2/sangyiwu/Mobile_Apps/apk_files/51-20230208-v2.6-8fe8d941fe68daf9acdca626ec1afa76.apk,1288088dfcbc12d532ae7c1366ff4c938e4e99ef22bb2765e966de7d612a0b82,Sex & Porn,True,True,"{'evader', 'malware', 'trojan'}"
2023c.com,https://yy.app003.co/?code=cVmz&c=2762,https://download.7dgirl.org/squid/91video260-230214.apk,/data2/sangyiwu/Mobile_Apps/apk_files/91video260-230214.apk,1575c335d8e4689e001eca051ace5c193fc1d7dbed999cfead64365db4ee057c,Sex & Porn,False,False,
2023c.com,https://am.app003.co/chan/am0139/dHA,https://download.7dgirl.org/down/am/am_3.0.0_230216_1.apk,/data2/sangyiwu/Mobile_Apps/apk_files/am_3.0.0_230216_1.apk,86292d720abe49aa741cb6a04b7c8225dba456d14630bf1cf44edb8a7a29f8ee,Sex & Porn,True,False,
tbrsp.net,https://bin.tbr3222.com/,https://aar.apkxz02.com/assets/tbr/app.apk,/data2/sangyiwu/Mobile_Apps/apk_files/app.apk,ec38448457ea03dfcddcf70e2fb6df2b925ab8be3c1fd4c7eac3416d18ce140f,Sex & Porn,False,True,"{'riskware', 'trojan', 'spyware', 'adware', 'malware'}"
2023c.com,https://shenhu.live/,https://shenhu.live/down/app-release_103_1228.apk,/data2/sangyiwu/Mobile_Apps/apk_files/app-release_103_1228.apk,bf0f03c6bb052eb4caefb5fc419e8812e045ccbdea02f9ea15218df8aafbc4cf,Sex & Porn,False,False,
www.tw18.com,http://www.tw18.com/APK/?O1=AN&WEBID=AVSHOW&FID=2099334,https://cr795.com/APK/?O=AN&WEBID=AVSHOW&FID=2099334,/data2/sangyiwu/Mobile_Apps/apk_files/AVSHOW_FID_2099334_0.1.49.apk,e7d96b2ecf1b2125aa2eacc3c9364088f504cbd2978188426849da25c7773b60,Sex & Porn,True,False,
www.ttt111.com,http://fanfan.qimiaorijiben.com/index.asp?s=www_ttt111_com,nan,/data2/sangyiwu/Mobile_Apps/apk_files/az_967266.apk,1dc935f907be06f9b0485f1c07f955d316079b7fd0bf2204df1d31c5d2d985bf,Sex & Porn,True,True,"{'malware', 'trojan', 'riskware'}"
2023c.com,https://mbni2n5.xyz?ch=hebei,https://ldfrcd.fy8l2k9rt.xyz/android/bls_1.1.1/bls_1.1.1_08115790.apk,/data2/sangyiwu/Mobile_Apps/apk_files/bls_1.1.1_03306315.apk,a68505079b136e953c5431edbf4785eae48d2831dca5214b0c5ce1a5f7b0dc8f,Sex & Porn,True,False,
2023c.com,https://app.uxgm.xyz/i-SFRTQ5,https://apt.yjxyjt.com/app/c6b60b21-c94a-4c84-ace2-dc9bf280484f-share-SFRTQ5.apk,/data2/sangyiwu/Mobile_Apps/apk_files/c6b60b21-c94a-4c84-ace2-dc9bf280484f-share-SFRTQ5.apk,efb766b5738388a340c9b97c74c51f10b404c18a643773451935fa3c003cc341,Sex & Porn,True,False,
2023c.com,https://cg.aff008.cool/?code=acm4p&c=2762,https://download.7dgirl.org/cg/cg51.311-230215.apk,/data2/sangyiwu/Mobile_Apps/apk_files/cg51.311-230215.apk,8adc4a8d68df5f5e0e9e43fb62e9082053cf08cd5922e4943997294a8aac30eb,Sex & Porn,False,False,
2023c.com,https://ndd.app003.co/aff-ybk,https://download.7dgirl.co/down/didi2/didi2_2.1.0_230223_2.apk,/data2/sangyiwu/Mobile_Apps/apk_files/didi2_2.1.0_230216_2.apk,3986afcd8517c6e26a2d5e4b381d251d41dd2d8a95b2fd9eca3c9dd5ca183fff,Sex & Porn,False,False,
2023c.com,https://dsp.aff008.cool/chan-1915/aff-fQPAS?ctxf=1,https://download.7dgirl.org/down/dsp/dsp_5.4.0_230216_2.apk,/data2/sangyiwu/Mobile_Apps/apk_files/dsp_5.4.0_230216_2.apk,2421d2a6cf6248aea3c72a8a5240c7567b93494f38d7354e5baa97d09d640577,Sex & Porn,False,False,
2023c.com,https://d.do3do.net/?channel=tdy610,https://cak.zjapktt.com/douyin_new/dy_new_official_26winuch3_5.1.1.apk,/data2/sangyiwu/Mobile_Apps/apk_files/dy_new_official_p43odech1_5.1.1.apk,d68a29e6181e3c1071b440c712e69add97faa406d707bdd3fe39f5fed5c4135f,Sex & Porn,False,False,
7y7y.com,https://q39ajw.d70ueq.live:5658/mshenqian_/index.html,https://xz.thewonderofyou.cn/apk/epzatcoe_21/epzatcoe_21/epzatcoe_21_1425-0-0.apk?v=2,/data2/sangyiwu/Mobile_Apps/apk_files/epzatcoe_21_1425-0-0.apk,16d43ff02fec3d33e08295bb0337f5fe730264d1cff53a517779d5397b368d8b,Sex & Porn,True,True,"{'riskware', 'trojan', 'spyware', 'malformed', 'malware'}"
www.567kxw.com,https://js.navyuggift.com/download/407_0.html,https://xz.thewonderofyou.cn/apk/epzatcoe_21/epzatcoe_21/epzatcoe_21_407-0-0.apk?v=2,/data2/sangyiwu/Mobile_Apps/apk_files/epzatcoe_21_407-0-0.apk,d58061953f94f80374e3475138ed83917f62f83efdcc2024dc88ada144579419,Sex & Porn,True,True,"{'riskware', 'trojan', 'spyware', 'malformed', 'malware'}"
ox501.xyz,https://ox501.xyz/,https://bgps2.yazhai.co/footseexyz/apk/ftsH501.apk,/data2/sangyiwu/Mobile_Apps/apk_files/ftsH501.apk,2196d6cebe2b6127c1d4c45c97cdc98e0cae460b6f1c841ee65e4190cb6ca656,Sex & Porn,True,False,
35uu.top,http://455604.527pg.top/?channelCode=6668,https://yjt0214.1x8ei.com/fwb0218.apk,/data2/sangyiwu/Mobile_Apps/apk_files/fwb0218.apk,edeb8aeb8d703f3208362a690080e6c6e567435ec4b2e1f7b60c39cddb3358f0,Sex & Porn,False,True,"{'trojan', 'riskware'}"
2023c.com,https://7u.aff008.cool/aff-aafP,https://download.7dgirl.org/down/gd7u/gd7u_1.1.0_230216_2.apk,/data2/sangyiwu/Mobile_Apps/apk_files/gd7u_1.1.0_230216_2.apk,824ab7542b3b4c42bbaacc5ef427a5deeb7e5aa5eeb388e399ae254a4353b83e,Sex & Porn,False,False,
2023c.com,https://gd.app003.co/aff-SWm,https://download.7dgirl.co/down/gdpj/gdpj_3.1.0_230223_2.apk,/data2/sangyiwu/Mobile_Apps/apk_files/gdpj_3.1.0_230216_2.apk,55177b0692a7e0f4fe146a447eb97e8f8259a5c5828969f826eb2969851cb7fa,Sex & Porn,False,True,{'riskware'}
2023c.com,https://gtv.app003.co/chan/g0453/expp,https://download.7dgirl.org/down/gtv/gtv_1.2.0_230106_1.apk,/data2/sangyiwu/Mobile_Apps/apk_files/gtv_1.2.0_230106_1.apk,9a791ef33833eaf704235673deeb106aced011f78abc51893c54e8bf5bb6ce26,Sex & Porn,False,True,{'trojan'}
2023c.com,https://omctpaf.com?dc=JJUG,https://teg.aptokgqx.com/uvtdmkob/hgpfvxn_221228_2.2.6+77.apk,/data2/sangyiwu/Mobile_Apps/apk_files/hgpfvxn_221228_2.2.6+77.apk,ec380639fc900dd84313f232e0660e1e19ddf1af170c85bd2fd29fb86489f66f,Sex & Porn,True,True,"{'malware', 'trojan', 'malformed'}"
2023c.com,https://j.jd99mm.com/?_c=tjd231,https://vv.akkx67tt.com/jdf/JD2.4.apk,/data2/sangyiwu/Mobile_Apps/apk_files/JD2.4.apk,7d6cea388dd4d39e3557bf32ca0918c7900a00f42e41cef42f06e1f629b4d50e,Sex & Porn,False,True,{'trojan'}
2023c.com,https://3bq7rasp1.xyz?ch=hebei,https://irtycs.0bjti76.xyz/android/mh_1.1.9/mh_1.1.9_09025896.apk,/data2/sangyiwu/Mobile_Apps/apk_files/mh_1.1.8_04202169.apk,944115f92b5ebff65a79a5e1e17c40c1fd93b77e72f01d145dd4d2a397216774,Sex & Porn,True,True,{'trojan'}
2023c.com,https://pili.app003.co/?code=fwB&c=2762,https://download.7dgirl.org/pilipili/pili210-230109.apk,/data2/sangyiwu/Mobile_Apps/apk_files/pili210-230109.apk,dd371d4939e9a1bb961e44fef08a6f386346d9f4adf73b09ffb1655c410eb513,Sex & Porn,False,True,"{'trojan', 'adware'}"
2023c.com,https://qq.app003.co/aff-acsF,https://download.7dgirl.org/down/qq/qq_4.1.0_230216_2.apk,/data2/sangyiwu/Mobile_Apps/apk_files/qq_4.1.0_230216_2.apk,899d796e4125fcff33b2eea49d03e89c7a8183e583e5bb5d80e603b015279801,Sex & Porn,False,False,
2023c.com,https://gmvemymk.com?dc=JJUG,https://teg.aptokgqx.com/skcqcxrl/reInd_230118_4.4.6+630.apk,/data2/sangyiwu/Mobile_Apps/apk_files/reInd_230118_4.4.6+630.apk,2e0db3ebaa6fc9b5c28a5e1595781a4bc59e2b7a6076c00d749e48705af8d88b,Sex & Porn,True,True,"{'malware', 'trojan', 'malformed'}"
2023c.com,https://slfpqvdpyh.com?_c=tslf377mk,https://cdn.apehhizr.com/slf/android/slf-0111-v4.0-db2b00Of2f7c532ceeb164998633dde7.apk,/data2/sangyiwu/Mobile_Apps/apk_files/slf-0111-v4.0-db2b000f2f7c532ceeb164998633dde7.apk,d9ea8779fcc5d22664c1ade0f48ed1a895b9868837ee4ad5bdeb68d48b5b818e,Sex & Porn,True,True,"{'evader', 'malware', 'trojan'}"
2023c.com,https://tx0fh938.com/?_c=oxts1tx,https://cdn.urfuyrtx.com/tangxin/android/tangxin-20230123-v3.3-eeab639lbc9e35790e36l6c997fff2ac.apk,/data2/sangyiwu/Mobile_Apps/apk_files/tangxin-20230123-v3.3-eeab6391bc9e35790e3616c997fff2ac-1.apk,e6c365399596345e73d10f8622c361aafeaa4fdbc0feecd7afb725e982bf3f14,Sex & Porn,False,False,
5yh.net,https://app.yilelive.com/t/down?code=AWPA46,https://hzyd.statchannel.top/a/c7rhhz/c/eyJkIjp7ImNvZGUiOiJBV1BBNDYifSwibSI6Imk0Ny1Oc1Rya2NRQUFBR0dmTjBWQkxEblFhRUg3bEJpUGdDQVBibElZOEdaTDBOam5LZ3Z5b0lPa2ktbmF4RHV4SFlBSUw5X2taWjQyVURLQmR2UEh1SmxFYmZLbDF2TldFUFg2ZjQ5d3RoczdqZ0h5TGp2eHZhVzhjbXIzSFJSLWR4TjVYcjRKdWJ1RXd1alRuTWZEZ2oxbWtaMEVkakZLd2owdTQwa0FzbWJBQjhsNjZ4SzdPUlRrcGptZTZ3TU9pYzkwQWJmTUpxX0VhMkQtQXpRRXpSM0RCdTNYakx4YkVtUDM3OHBHUVQwbFRadElhVDJLV08ycWRNM2swaDJJUjFnZV9BS2E0U2NraUJVNjhkUXVGRTFVcEZodE9EajRMNG1EdjVTRktTV1N1aHBqa285WncxbWFMTHlqbHU2Qm9qalJPNXV2ZUkzcEFYS1Z5MmJPVnd2S3JmTlhmWkRBUHhQQzJJUnRiVFdyNDNGMllsRlFVZUJtdyJ9/TianXin_2.19_0130_1020.apk,/data2/sangyiwu/Mobile_Apps/apk_files/TianXin_2.17_1014_1620.apk,b18fe0928af98773d84553f8bab5dcc87e67ca29741ffa230dca18fb5112d859,Sex & Porn,True,False,
2023c.com,https://ttt.aff008.cool/chan/a11378/aH9D7,https://download.7dgirl.org/down/tbr/ttt_9.0.1_230216_2.apk,/data2/sangyiwu/Mobile_Apps/apk_files/ttt_9.0.1_230216_2.apk,9872c2de0db66e8d5b8e49e3a19dce1679371bf76cc6211c721ccec3bec044e4,Sex & Porn,False,False,
uu627.com,http://uu627.com/APK/?FID=64,https://64.ub325.com/APK/?O=AN&WEBID=U1&FID=64,/data2/sangyiwu/Mobile_Apps/apk_files/UU_FID_64_0.1.49.apk,436c952bb9241955961f2eb100913d3281f176a87542faecfd34a3a2f6c42b3e,Sex & Porn,True,False,
2023c.com,https://gv.aff008.cool/chan/xb1323/TgVM,https://download.7dgirl.org/down/xlp/xlp_4.1.0_230216_1.apk,/data2/sangyiwu/Mobile_Apps/apk_files/xlp_4.1.0_230216_1.apk,5e29bc13b5e486fd822b3cdbce332fe830f2ca976dbc586aef916f70e5593446,Sex & Porn,False,True,{'trojan'}
2023c.com,https://xs8msqny.com/?_c=oxts1xs,https://cdn.mlquhmqo.com/xiuse/android/xu-20230119-v4.1-e1267ac32931a1e9b10733e2ed60l247.apk,/data2/sangyiwu/Mobile_Apps/apk_files/xu-20230119-v4.1-e1267ac32931a1e9b10733e2ed601247.apk,2ce90f90810e519d25a99449c7d5f1b485bea820fd325726d8e721213f3bec34,Sex & Porn,False,False,
2023c.com,https://yhy.app003.co/aff-HtK,https://download.7dgirl.org/down/yhy/yhy_3.1.0_230216_1.apk,/data2/sangyiwu/Mobile_Apps/apk_files/yhy_3.1.0_230216_1.apk,f8cf7836f834c8ca89bd86674c2a1f79793534420175819576bd14b6efe3630c,Sex & Porn,False,False,
usa123456.cn,http://usa123456.cn/android.html,https://okyy.oss-cn-shenzhen.aliyuncs.com/zy44055.apk,/data2/sangyiwu/Mobile_Apps/apk_files/zy44055.apk,c21b4c1e00a16a6eecbc60600f6406139436222ab11c4a7020f8ae4ad2258b09,Sex & Porn,False,True,"{'trojan', 'riskware'}"
www.feiyuacc.cc,https://android.unblockyouku.mobi/app/android-unblock-install.php,https://android.unblockyouku.mobi/app/android/install/202301/FIFA%E7%BF%BB%E5%A4%A7%E9%99%86v2023011319415.apk,/data2/sangyiwu/Mobile_Apps/apk_files/FIFA翻大陆v2023011319415.apk,62a29e818de679d0688a1a76349e0fa35fb914e8e62011bd79519cc05b12fc2f,VPN,False,False,
www.feiyuacc.cc,https://android.unblockyouku.mobi/app/android-unblock-install.php,https://www.unblockyouku.mobi/app/android/install/202301/UNBLOCKYOUKUv20230113194118.apk,/data2/sangyiwu/Mobile_Apps/apk_files/UNBLOCKYOUKUv20230113194118.apk,a9eecd21805ab24be88a3156027d1b1bbbf9a825e4678cce0ee48a523d4b4fe3,VPN,False,False,
haigui.in,https://haigui.in/download,https://haigui.in/app/android/haigui.apk,/data2/sangyiwu/Mobile_Apps/apk_files/haigui.apk,ef8894df01ea5d12bd6a2a8d614b1bd5c0f06cb1f25953901d37f16b23ca2c50,VPN,True,False,
