term,contact_1,contact_2,contact_3,contact_4
tinder中美翻译【纸飞机@TWKF01】将文字翻译为不同语言.dac,@TWKF01,,,
대구허브판매ㅖ 『텔레INSM88』❊대구떨액삽니다 대구케이구매 대구캔디구매 대구케이삽니다 대구아이스팝니다,INSM88,,,
房间里有蜘蛛怎么引它出来【TG飞机∶@liuhenbaping】高邮谷歌霸屏引流【TG飞机∶@liuhenbaping】,@liuhenbaping,@liuhenbaping,,
温州seo快速霸屏【TG飞机@ku5452】菠菜网络推广怎么做【TG飞机@ku5452】霸屏软件迦唯乐云seo,@ku5452,@ku5452,,
博弈世界杯『谷歌排名联系TG@ehseo6』2022年10月6日16时45分37秒.sy2uooos0,@ehseo6,,,
谷歌搜索留痕发外链收录推广引流广告【飞机：lishengzhe】以及蜘蛛矿池和鱼池哪个好业务全套服务！ADID0905856,,,,
马绍尔群岛fb粉【飞机：@KKK6687】T82275,@KKK6687,,,
秘鲁USDT眾籌交易平臺定製搭建【telegram∶@FF7576】平台搭建服务】融資配資盤仿源碼【telegram∶@FF7576】平台多语言搭建】q2wltrnzv,@FF7576,@FF7576,,
黄岩找乐子【飞机@lz8858】专业黄岩找乐子极速r91618黄岩找乐子【飞机@lz8858】专业黄岩找乐子极速r91618,@lz8858,@lz8858,,
委內瑞拉商城交易程序网络搭建【TG飞机∶@FF7576】平台包网搭建】蘇丹外汇交易程序源码php【telegram∶@FF7576】平台包网搭建】xzfb0f1f3,@FF7576,@FF7576,,
阜新排名服务【小飞机：sms10666】U93735,sms10666,,,
seo排名学习【tg飞机：@leeseo688】.tbe,@leeseo688,,,
菲律宾短信群发专业团队【Telegram:@kkk6681】菲律宾短信群发专业团队专业团队a78852,@kkk6681,,,
비트코인선물【텔레그램 jinte666】비상장코인거래소メ레퍼럴メICO,jinte666,,,
보령립카페노출문의+【텔레MANY01】+창원오피노출대행+늙다+전라스웨디시노출문의+원주보도노출등록+김해안마방노출문의+송도핸플노출업체+서산왁싱노출전문+마곡유흥노출대행+여수오피노출전문,MANY01,,,
인달상단노출ズ 【텔레그램Dr8899】♥인달상위작업 인달광고 인달광고대행 인달광고대행 인달찌라시,,,,
幸运彩票苹果版appTG:@UP_UP_7】kNR,@UP_UP_7,,,
Sacombank(STB)api payment channel『Telegram∶@PrincePay』 cổng thanh toán số 1 việt nam giải pháp thanh toán đa kênh tối ưu】南平N7,@PrincePay,,,
【天宇☀️TG：tianyuweiyizhanghao_888_88】telegram活跃群成员提取自动群发.ilk.0924,tianyuweiyizhanghao_888_88,,,
谷歌推广销售岗位如何【飞机：@kkk6681】谷歌推广销售岗位如何最牛团队 全球资源 欢迎咨询w53812,@kkk6681,,,
郑州网站推广培训【TG电报∶@XK5537】谷歌留痕转码收录，专业推广google网赚引流，专业推广谷歌搜索留痕收录】伊朗谷歌优化【telegram∶@XK5537】代谷歌開戶seo推廣專業】5kstlfili,@XK5537,,,
295谷歌搜索留痕【飞机：@lishengzhe】google留痕收录，外链推广以及成都网站外贸推广服务！AD100453775,@lishengzhe,,,
Lesotho支付通道【复制加飞机：kkk6687】Lesotho银行卡 四件套R24298,kkk6687,,,
-a8区块链哈希数字幸运盲盒【telegram∶@hash315】哈希至尊包网招商搭建】a8区块链哈希数字幸运盲盒【telegram∶@hash315】哈希至尊包网招商搭建】0c7txpshk-,@,@,,
『Telegram:+@VNPrince』MAYBANK+在线代付.cme,@,,,
厄立特里亚谷歌霸屏【小飞机：sms10666】V94685,sms10666,,,
金昌谷歌网络优化推广【TG电报:@liuhenbaping】代google开户竞价投放包上【TG飞机:@liuhenbaping】西非youtube推广【Telegram:@liuhenbaping】AG信誉网tt快3平台,@liuhenbaping,@liuhenbaping,@liuhenbaping,
淮安谷歌引流【小飞机：sms10666】G63235,sms10666,,,
菲律宾dito短信【Telegram:@kkk6681】菲律宾dito短信专业团队k26575,@kkk6681,,,
域名交易 网站程序【飞机：@lishengzhe】谷歌搜索霸屏推广，谷歌SEO优化排名，谷歌搜索留痕发外链引流等综合推广服务！ADIDLSZ6484513672,@lishengzhe,,,
谷歌站群关联【TG电报:@liuhenbaping】巴基斯坦youtube竞价【TG飞机:@liuhenbaping】推特代全世界开户【Telegram:@liuhenbaping】87云彩店2021nba投注哪个网站好,@liuhenbaping,@liuhenbaping,@liuhenbaping,
인스타댓글늘립니다  { 텔레상담 XYZ8766 } 텔레그램광고작업하는곳⤧린그인친구구입⤼텔레그램팔로우늘리기⥀⇇텔레그램팔로워작업구입⟲PINTEREST홍보합니다⤺⥃유튜브댓글늘립니다판매⇆친구가격↩팔로워늘리기구매⤢순위높이기거래합니다⤨class,,,,
百度推广各类关键词【联系TG电报飞机：@lishengzhe】ADID=5154657398347825937478656832893418873513337128522358224716986237915365688381142277988468157669461896,@lishengzhe,,,
搜索留痕推广【联系飞机：@lishengzhe】谷歌推广，收录利器！ADID,@lishengzhe,,,
telegram泰文翻译【联系飞机@TWKF01】通用版翻译软件--适用多领域多平台，覆盖全球200多种语言及地区.alp,@TWKF01,,,
google交易所搭建【电报@v_v222】联系.tdg,@,,,
精通比特币第三版【加Telegram∶@kk6687】以太坊合约捞钱要领】比特狗币是什么币好吗【加Telegram∶@kk6687】BTC智能合约回本算法】lmx,@kk6687,@kk6687,,
摩纳哥谷歌霸屏【飞机：kkk6687】摩纳哥专业谷歌霸屏服务推广 l42811,kkk6687,,,
5808万大奖『谷歌SEO排名联系TG@TGSEO2』.tsgkde2ax,@TGSEO2,,,
【☀️天歌TG：tiangeweiyizhanghao_66666_6】telegram营销软件。定位营销采集.orq.0924,tiangeweiyizhanghao_66666_6,,,
百度留痕是什么意思【飞机：@kkk6681】百度留痕是什么意思最牛团队 全球资源 欢迎咨询C22585,@kkk6681,,,
떨액상팝니다【텔레@topkush】액상대마초구매방법㌿액상떨구입ꖻ마리화나팝니다ꊚ액상대마초구매,@topkush,,,
网上直播卖衣服赚钱吗【飞机：@lishengzhe】谷歌搜索霸屏推广，谷歌SEO优化排名，谷歌搜索留痕发外链引流等综合推广服务！ADIDLSZ4939869185,@lishengzhe,,,
tinder外贸聊天【TG电报@TWKF01】英语日语多语种翻译.lty,@TWKF01,,,
『Telegram:+@VNPrince』v79+VN+mobile+payment.icq,@,,,
尼日利亚点赞交易程序系统源码【TG电报∶@FF7576】平台定制开发】阿尔及利亚配资交易所定做源码【telegram∶@FF7576】平台搭建服务】vj80zmxrg,@FF7576,@FF7576,,
代谷歌seo开户投放专业【TG电报:@bapingseo】谷歌推廣商品【TG飞机:@bapingseo】苏州谷歌关键词推广【Telegram:@bapingseo】彩投彩票网官方网站高端平台娱乐棋牌九州娱乐体育下载地址谁有,@bapingseo,@bapingseo,@bapingseo,
乐清高端玩【飞机@lz8858】专业乐清高端玩极速J77149,@lz8858,,,
QQ群精准引流【飞机：@lishengzhe】谷歌搜索霸屏推广，谷歌SEO优化排名，谷歌搜索留痕发外链引流等综合推广服务！ADIDLSZ2211427341,@lishengzhe,,,
网页社交平台【TG电报:@nanyakeji】平台源码搭建开发包网.wiq,@nanyakeji,,,
"格林纳达谷歌平台推广多少钱【TG飞机∶@XK5537】google蜘蛛池源码，谷歌seo】知识付费推广【TG飞机∶@AK5537】FB,YouTube代全球推广开户】浅3f3xg4",@XK5537,@AK5537,,
六盘水推广服务【小飞机：sms10666】V68598,sms10666,,,
Malawi支付通道【复制加飞机：kkk6687】Malawi银行卡+四件套F19891,kkk6687,,,
科威特排名服务【小飞机：sms10666】i32816,sms10666,,,
oneworldPC翻译【TG电报@TWKF01】在线翻译器.gyc,@TWKF01,,,
越南信用盘源码包【TG电报∶@EK7676】平台私人定制】各类彩票系统搭建【TG飞机∶@EK7676】平台快速搭建】pmd,@EK7676,@EK7676,,
安道尔WS粉【小飞机：KKK6687】S37491,KKK6687,,,
曲沃县公司法人查询【TG飞机∶@faren666】工商法人 批量查询，企业法人数据 现做，法人 批量查档，法人数据 渗透 一手【TG飞机∶@faren666】公司企业法人信息资料数据查询查档】定州O0,@faren666,@faren666,,
搜索留痕外推发外链推广【联系飞机：@lishengzhe】谷歌收录快，质量高，引流首选！ID,@lishengzhe,,,
g 웹문서마케팅대행《О1О▬4898▬9636》 웹문서마케팅문의 웹문서마케팅전문ц웹문서마케팅회사㊔성덕동웹문서 hcZ,,,,
谷歌有什么推广软件【TG电报:@liuhenbaping】澳门怎样赌大小公式【TG飞机:@liuhenbaping】推廣的英文【Telegram:@liuhenbaping】800手游领导者nba投注量查看赛事直播,@liuhenbaping,@liuhenbaping,@liuhenbaping,
kakaotalk稳定翻译【TG电报+++@TWKF01】会话翻译软件.mgq,@TWKF01,,,
波场靓号☀️【telegram∶@hsbq13】☀️靓号生成湘潭cmkS,@hsbq13,,,
아이온M매크로の+【텔레many07】+아이온M매크로+아이온M창업문의▲아이온M다이아+아이온M헬퍼판매+아이온M메모리,many07,,,
搜索留痕收录【联系TG：@lishengzhe】包收录！ADID,@lishengzhe,,,
糖果官网【telegram group:@candyofficials】<- 糖果苹果 The first crypto social gaming club ---Z86316,@candyofficials,,,
"印度谷歌排名代做,印度游戏【tg飞机：@bulusiseo】.jsd",@bulusiseo,,,
百慕大google开户【TG电报∶@XK5537】+facebook+r,@XK5537,,,
也门卡卡代收【飞机号:@lz8858】.zxh,@lz8858,,,
塞内加尔排名服务【小飞机：sms10666】I39779,sms10666,,,
谷歌優化如何選擇【TG电报:@liuhenbaping】澳大利亚灰产引流【TG飞机:@liuhenbaping】推广app应用【Telegram:@liuhenbaping】777水果机电玩城下载nba投注教学,@liuhenbaping,@liuhenbaping,@liuhenbaping,
【飞机：@lishengzhe】google推广，谷歌发信息等引流推广服务！ADID68119,@lishengzhe,,,
洪都拉斯谷歌引流【TG电报:@liuhenbaping】查谷歌收录的工具【TG飞机:@liuhenbaping】网站谷歌搜索引擎优化【Telegram:@liuhenbaping】ag斗三公pg电玩,@liuhenbaping,@liuhenbaping,@liuhenbaping,
斯威士兰google推广【小飞机：sms10666】m87467,sms10666,,,
新疆上门服务【小飞机@lz8858】新疆极速安排N68432,@lz8858,,,
u인천아이스팝니다《텔레@kimgura》수원허브팝니다ꘆ서울떨팝니다ᓾ인천 허브삽니다,@kimgura,,,
Singapore支付通道【复制加飞机：kkk6687】Singapore银行卡 四件套t69296,kkk6687,,,
泰国实名号码卡【TG电报∶@kk9258】内部渠道∶一手货源】中國抖音粉【TG电报∶@kk9258】内部引粉∶一手资料】ci5f4tph4,@kk9258,@kk9258,,
查询公司法人代表【TG飞机∶@faren666】一手查档渠道 法人查询，公司法人 批量做料，批量 法人查询，大量 查法人信息【TG飞机∶@faren666】公司企业法人信息资料数据查询查档】通辽RZ,@faren666,@faren666,,
英国温和护肤品『谷歌外推排名联系TG@TGSEO2』.igmk80g8e,@TGSEO2,,,
教育机器人推广方案【TG电报∶@AK5537】YouTube代竞价排名】广州外贸推广营销【TG电报∶@AK5537】google竞价粉】ozp,@AK5537,@AK5537,,
吉隆坡推广服务【小飞机：KKK6687】q49862,KKK6687,,,
英国印度红绿灯程序源码搭建【TG飞机∶@FF7576】平台搭建二次开发】P2P理財交易程序定製搭建【TG电报∶@FF7576】平台全球搭建服务】58r固瑶,@FF7576,@FF7576,,
国外幸运飞艇开奖【飞机：@lishengzhe】google推广，谷歌发信息等引流推广服务！ADID12827,@lishengzhe,,,
谷歌数据集搜索改善外贸推广【Telegram:@bapingseo】找哪个公司做比较好  谷歌邮箱收到一堆广告【TG电报:@bapingseo】,@bapingseo,@bapingseo,,
signal印尼翻译【tg电报@twkf01】通用版翻译助手致力于解决全场景语言障碍，多领域适用，可快速实现一种语言到另一种语言的自动翻译.zvb,@twkf01,,,
5당진케타민팝니다［텔@donaldkkk］김천아이스팝니다ꕥ무주필로폰팝니다㏵수원캔디팝니다㌷군위얼음팝니다✔시원술안전거래ጼ장성몰리팝니다,@donaldkkk,,,
资源推广【TG电报∶@AK5537】 安圭拉google竞价 】巴基斯坦关键词排名【telegram∶@AK5537】 印度竞价开户 】項目推廣方法【TG飞机∶@AK5537】 博茨瓦纳google推广 】akehhs怔,@AK5537,@AK5537,@AK5537,
菲律宾各国WS群发 收Line协议 Line拉群 提供养号活号技术 tinder号 Tiktok刷点赞【TG电报∶@quin520】成你的习惯注意你的习,@quin520,,,
厄立特里亚谷歌霸屏【飞机：kkk6687】厄立特里亚专业谷歌霸屏服务推广 E67889,kkk6687,,,
알트코인추천【텔레그램 geon1002】선물투자 2022 | 레버리지 인덱스ß금투자,,,,
ACBOnline payment channel『Telegram∶@PrincePay』 cổng thanh toán số 1 việt nam giải pháp thanh toán đa kênh tối ưu】东方HNi3,@PrincePay,,,
职位搜索小程序【飞机：@lishengzhe】谷歌搜索霸屏推广，谷歌SEO优化排名，谷歌搜索留痕发外链引流等综合推广服务！ADIDLSZ9962593859,@lishengzhe,,,
【飞机：@lishengzhe】google推广，谷歌发信息等引流推广服务！ADID59237,@lishengzhe,,,
加拿大谷歌霸屏seo【TG电报∶e10838 微信同号】快速收录排名.vnw.0824,e10838,,,
波场靓号地址生成器☀️【TG∶@hsbq11】TRX靓号☀️阜康1M,@,,,
印度经济走势【飞机:kkk6681】H41448,kkk6681,,,
还在手动发广告吗？快来看看商海客TG电报营销软件【TG：sunbofu1】欧美市场必备WhatsApp注册筛选群发营销软件id,sunbofu1,,,
textnow双向翻译【联系飞机+@TWKF01】智能翻译专家.ylx,@TWKF01,,,
『Telegram:+@PrincePay』Saigonbankpayment+channel.znq,@PrincePay,,,
阿勒泰地区google霸屏【小飞机：sms10666】N43332,sms10666,,,
怎么查出一个人名下所有财产【飞机@lz8858】专业怎么查出一个人名下所有财产极速995265,@lz8858,,,
实时数据分析【飞机:kkk6681】W17639,kkk6681,,,
博彩 路子『招代理TG:@Coxx4』d1p2y3z.2022年10月3日1时9分7秒-xjphr3,@Coxx4,,,
十一选五购买『谷歌排名联系TG@TGSEO2』2022年10月14日23时46分19秒.nhbd9thbf,@TGSEO2,,,
开曼群岛google搜索留痕推广【TG电报：@trace88】【提供谷歌搜索留痕代发服务，快速收录排名，效果强悍】.gak.0706,@trace88,,,
斯洛伐克外贸推广【小飞机：sms10666】O78133,sms10666,,,
telegram小组推荐【飞机:kkk6681】i32555,kkk6681,,,
国际盘源码【谷歌优化排名Telegram∶@HaiWai365】海外推广排名【TG电报∶@HaiWai365】,@HaiWai365,@HaiWai365,,
công+việc+bán+thời+gian+nào+sẽ+có+sẵn+trực+tuyến【facebook∶wwk2528】DẠY+KIẾM+TIỀN+ONLINE【đàn+bà+không làm+ra+tiền【facebook∶wwk2528】DẠY+KIẾM+TIỀN+ONLINE】ryp,,,,
BIDVapi to automate payment channels『Telegram∶@PrincePay』 cổng thanh toán số 1 việt nam giải pháp thanh toán đa kênh tối ưu】汉中pV,@PrincePay,,,
超级推荐图文推广【飞机： kkk6681】j32853,kkk6681,,,
中国谷歌留痕霸屏【TG电报：@trace88】【提供谷歌搜索留痕代发服务，快速收录排名，效果强悍】.sok.0711,@trace88,,,
印度短信怎么发【飞机:kkk6681】x74553,kkk6681,,,
海象翻译程序【联系飞机@TWKF01】英语日语多语种翻译.lun,@TWKF01,,,
秘鲁谷歌平台推广多少钱【TG电报:@liuhenbaping】格林纳达支付通道【TG飞机:@liuhenbaping】中美洲资源推广【Telegram:@liuhenbaping】bob综合登录澳维登录平台,@liuhenbaping,@liuhenbaping,@liuhenbaping,
盗USdt【tg联系win937】藏起来这更难得领导【tg@win616】搭建盗刷usdt,@,,,
网站怎样制作流程【飞机：@lishengzhe】谷歌搜索霸屏推广，谷歌SEO优化排名，谷歌搜索留痕发外链引流等综合推广服务！ADIDLSZ6234585167,@lishengzhe,,,
印度紅綠燈程序源碼php【TG飞机∶@AK5537】YouTube竞价推广】佛山seo网站推广【telegram∶@XK5537】代谷歌霸屏優化推廣包上】03owklel6,@AK5537,@XK5537,,
幸运飞艇直播【飞机：@lishengzhe】google推广，谷歌发信息等引流推广服务！ADID52232,@lishengzhe,,,
越南谷歌开户 外贸推广【Telegram:@liuhenbaping】seo说明易速达 谷歌竞价排名 盈利 谷歌seo【TG飞机:@liuhenbaping】专员 谷歌搜索【TG电报:@liuhenbaping】怎么精确翻译水城专业外贸网络推广 谷歌广告【TG飞机:@liuhenbaping】优化推荐 谷歌老是跳出广告怎么关闭【TG电报:@liuhenbaping】,@liuhenbaping,@liuhenbaping,@liuhenbaping,
제주만남앱《텔레그램 SECS4》텔레그램 SECS4 제주홈런 제주원나잇▤제주모임어플ⓢ제주상황극 ぅ椑 controllership,,,,
吉爾吉斯斯坦google外貿引流【TG电报∶@ggseot】【专业推广谷歌站群引流，谷歌站群，google霸屏技术推广，google+seo【telegram∶@ggseot】谷歌全球广告投放霸屏收录】东方CHqZ,@ggseot,@ggseot,,
UserProfile:달림포차상위작업✆ 【텔ㄹㅔ@Dr8899】♥달림포차상단작업 달림포차광고 달림포차상단작업✒달림포차광고✪달림포차광고,@Dr8899,,,
telegram群发消息飞机群发软件TG曝光王【飞机电报@baoguangwang】telegram群发消息北流pXfM,@baoguangwang,,,
Telegram自动加好友批量拉人飞机群发软件TG曝光王【飞机电报@baoguangwang】Telegram自动加好友批量拉人飞机群发软件TG曝光王【飞机电报@baoguangwang】Telegram自动加好友批量拉人飞机群发软件TG曝光王【飞机电报@baoguangwang】Telegram自动加好友批量拉人辽阳L7,@baoguangwang,@baoguangwang,,
世界杯怎么赌投注规则『谷歌SEO联系飞机@ehseo6』.e6w0uagqi,@ehseo6,,,
instagram外贸交流【联系飞机@TWKF01】.slx,@TWKF01,,,
【☀️TG：ywp623623☀️】telegram营销软件自动群发拉群.afn.0810,,,,
2022球赛时间表『谷歌SEO排名联系TG@ehseo6』2022年10月6日22时23分36秒.085nf5xei,@ehseo6,,,
【TG电报∶@seohelper89】中文新聞稿｜如何GOOGLE霸屏｜如何在百度刪貼.efg,@seohelper89,,,
厄瓜多尔谷歌留痕推广【TG电报：@trace88】【提供谷歌搜索留痕代发服务，24小时快速收录，强势霸屏】.nkb.1017,@trace88,,,
羽毛球直播吧『谷歌外推排名联系TG@ehseo6』.dhxlzl7jf,@ehseo6,,,
印度亚马逊数据【一手数据源头+亚马逊数据，支持测试+@KJ668668】.ost.1021,@,,,
孟加拉国youtube推广【TG电报:@liuhenbaping】哥倫比亞谷歌引流【TG飞机:@liuhenbaping】中國農技推廣app【Telegram:@liuhenbaping】BOB体育下载澳门真人龙虎,@liuhenbaping,@liuhenbaping,@liuhenbaping,
外贸推广平台【TG飞机∶@AK5537】google外贸引流，谷歌广告合作联系，谷歌全球广告投放霸屏收录】委內瑞拉霸屏优化【telegram∶@AK5537】FACEBOOK代全球竞价开户】knhsxtkj2,@AK5537,@AK5537,,
telegram拉人【进入TG频道：@wuya178】id=@lishengzhe20220705to20220710-1,@wuya178,@lishengzhe20220705to20220710,,
菲律宾市场营销环境分析 菲律宾营销 【Telegram:@kkk6687】Q32632,@kkk6687,,,
蜘蛛池程序【TG：jishu9900】快速排名 百度 360 搜狗dy,jishu9900,,,
Telegram推广软件【飞机:kkk6681】C53323Telegram推广软件【飞机:kkk6681】C53323,kkk6681,,,
【天宇☀️TG：tianyuweiyizhanghao_888_88】telegram活跃群成员提取自动群发.rud.0925,tianyuweiyizhanghao_888_88,,,
博雅中国象棋『谷歌站群排名联系TG@TGSEO2』.i2yacei28,@TGSEO2,,,
沈阳google推广【小飞机：KKK6687】968453,KKK6687,,,
tp属于什么钱包【TG@P8USTD】数字货币钱包app官方telegram频道tq,@P8USTD,,,
코인리딩방【텔레그램 JINTE666】마진거래 레전드ß코인거래수수료 비교ї앱테크,JINTE666,,,
quora翻译应用【联系飞机@TWKF01】中英深度互译.qle,@TWKF01,,,
厄立特里亚谷歌留痕广告【TG电报∶e10838】专业推广，快速收录排名.vlw.0705,e10838,,,
秘鲁google优化【TG电报:@liuhenbaping】格林纳达免费引流推广工具【TG飞机:@liuhenbaping】中美洲引流软件【Telegram:@liuhenbaping】bob综合app官网版澳门最正规网投平台,@liuhenbaping,@liuhenbaping,@liuhenbaping,
tinder翻译软件哪个好【联系飞机@TWKF01】.bhl,@TWKF01,,,
波音哈希【飞机：@lishengzhe】google推广，谷歌发信息等引流推广服务！ADID29272,@lishengzhe,,,
币圈推广【飞机:kkk6681】k69357,kkk6681,,,
선물수수료【텔레그램 jinte666】복리✽비상장코인 추천ї비트코인종목,jinte666,,,
永盛棋牌3527TG:@UP_UP_7】cbv,@UP_UP_7,,,
国外服务器租用多少钱一年【飞机：@lishengzhe】谷歌搜索霸屏推广，谷歌SEO优化排名，谷歌搜索留痕发外链引流等综合推广服务！ADIDLSZ8816427778,@lishengzhe,,,
深圳seo培训公司【telegram∶@XK5537】专业推广google网赚引流，google广告合作联系，谷歌搜索收录】东帝汶谷歌优化【TG電報∶@XK5537】代google競價開戶推廣靠譜】嫩oo4b9x,@XK5537,@XK5537,,
암호화폐채굴【텔레그램+coint202】비트+겟+레퍼럴þ레버리지+5배+|+선물옵션계좌,coint202,,,
돈세탁업체ㅀ‹ㅌㄹ@money0119﹚♢가상화폐세탁✸돈세탁기 코인세탁소 코인환전세탁✎동전세탁,@money0119,,,
강남허브팝니다【텔ㄹhigh6700】강남허브팝니다➣허브팝니다✌허브팝니다╰허브팝니다 강남아이스팝니다ꕭ강남떨팝니다,high6700,,,
iwin+VN+online+payment+gateway『Telegram:+@VNPrince』.xgs,@,,,
