sentence_index,word,label
0,海外,O
0,小说,O
0,app,O
0,【,O
0,Telegram,O
0,:,O
0,nanyakeji1,B-contact
0,】,O
0,源码,O
0,搭建,O
0,开发包,O
0,网,O
0,.,O
0,bgq,O
1,苏丹,O
1,谷歌,O
1,留痕,O
1,发帖,O
1,【,O
1,TG,O
1,电报,O
1,：,O
1,@,B-contact
1,trace88,I-contact
1,】,O
1,【,O
1,提供,O
1,谷歌,O
1,搜索,O
1,留痕,O
1,代发,O
1,服务,O
1,，,O
1,快速,O
1,收录,O
1,排名,O
1,，,O
1,效果,O
1,强悍,O
1,】,O
1,.,O
1,hub.0706,O
2,网上,O
2,能,O
2,买,O
2,到,O
2,空孕,O
2,催,O
2,乳剂,O
2,吗,O
2,【,O
2,购买,O
2,加,O
2,电报,O
2,飞机,O
2,wees86,B-contact
2,出售,O
2,各类,O
2,迷药,O
2,】,O
2,.,O
2,opl,O
3,搜索,O
3,留痕,O
3,推广,O
3,的,O
3,弊端,O
3,【,O
3,飞机,O
3,：,O
3,@,B-contact
3,lishengzhe,I-contact
3,】,O
3,谷歌,O
3,搜索,O
3,霸屏,O
3,推广,O
3,，,O
3,谷歌,O
3,SEO,O
3,优化,O
3,排名,O
3,，,O
3,谷歌,O
3,搜索,O
3,留痕,O
3,发外,O
3,链,O
3,引流,O
3,等,O
3,综合,O
3,推广,O
3,服务,O
3,！,O
3,ADIDLSZ7752957422,O
4,阿拉伯联合酋长国,O
4,外贸,O
4,推广,O
4,【,O
4,小,O
4,飞机,O
4,：,O
4,sms10666,B-contact
4,】,O
4,G57323,O
5,谷歌,O
5,seo,O
5,有,O
5,必要,O
5,做,O
5,么,O
5,【,O
5,TG,O
5,电报,O
5,:,O
5,@,B-contact
5,liuhenbaping,I-contact
5,】,O
5,FB,O
5,",",O
5,YouTube,O
5,竞,O
5,排名,O
5,价,O
5,推广,O
5,【,O
5,TG,O
5,飞机,O
5,:,O
5,@,B-contact
5,liuhenbaping,I-contact
5,】,O
5,帕劳,O
5,google,O
5,推广,O
5,【,O
5,Telegram,O
5,:,O
5,@,B-contact
5,liuhenbaping,I-contact
5,】,O
5,12,O
5,博用,O
5,网址,O
5,im,O
5,体育,O
5,注册,O
5,的,O
6,商丘,O
6,找,O
6,小姐,O
6,【,O
6,飞机,O
6,@,B-contact
6,lz8858,I-contact
6,】,O
6,专业,O
6,商丘,O
6,找,O
6,小姐,O
6,极速,O
6,o28734,O
7,谷歌,O
7,城市,O
7,站,O
7,群,O
7,cms,O
7,【,O
7,飞机,O
7,：,O
7,@,B-contact
7,lishengzhe,I-contact
7,】,O
7,谷歌,O
7,搜索,O
7,霸屏,O
7,推广,O
7,，,O
7,谷歌,O
7,SEO,O
7,优化,O
7,排名,O
7,，,O
7,谷歌,O
7,搜索,O
7,留痕,O
7,发外,O
7,链,O
7,引流,O
7,等,O
7,综合,O
7,推广,O
7,服务,O
7,！,O
7,ADIDLSZ6876177647,O
8,谷歌,O
8,搜索,O
8,留痕,O
8,【,O
8,飞机,O
8,：,O
8,@,B-contact
8,lishengzhe,I-contact
8,】,O
8,以及,O
8,蜘蛛,O
8,池,O
8,蜘蛛,O
8,少,O
8,，,O
8,蜘蛛,O
8,池,O
8,蜘蛛,O
8,少,O
8,，,O
8,蜘蛛,O
8,池,O
8,蜘蛛,O
8,少,O
8,相关,O
8,服务,O
8,！,O
8,ADID28224588,O
9,购买,O
9,Ig,O
9,账号,O
9,【,O
9,电报,O
9,飞机,O
9,∶,O
9,@,B-contact
9,bailufakabot,I-contact
9,_,O
9,电报,O
9,频道,O
9,∶,O
9,@,B-contact
9,bailufaka,I-contact
9,】,O
9,购买,O
9,出售,O
9,各类,O
9,平台,O
9,账号,O
9,卡号,O
9,ID,O
9,】,O
9,忻州,O
9,.,O
9,秦安县,O
9,-,O
9,徐州,O
9,云龙区,O
9,丨,O
9,南丰县,O
9,_,O
9,b4,O
10,苏丹,O
10,谷歌,O
10,留痕,O
10,发帖,O
10,【,O
10,TG,O
10,电报,O
10,：,O
10,@,B-contact
10,trace88,I-contact
10,】,O
10,【,O
10,提供,O
10,谷歌,O
10,搜索,O
10,留痕,O
10,代发,O
10,服务,O
10,，,O
10,快速,O
10,收录,O
10,排名,O
10,，,O
10,效果,O
10,强悍,O
10,】,O
10,.,O
10,hub.0706,O
11,鹰潭,O
11,首页,O
11,霸屏,O
11,【,O
11,小,O
11,飞机,O
11,：,O
11,sms10666,B-contact
11,】,O
11,727658,O
12,赌,O
12,世界杯,O
12,『,O
12,谷歌外,O
12,推,O
12,飞机,O
12,@,B-contact
12,ehseo6,I-contact
12,』,O
12,世界杯,O
12,赌球,O
12,",",O
12,世界杯,O
12,下注,O
12,",",O
12,世界杯,O
12,平台,O
12,.,O
12,eimswk20g,O
13,seo,O
13,优化,O
13,排名,O
13,系统,O
13,【,O
13,飞机,O
13,：,O
13,@,B-contact
13,lishengzhe,I-contact
13,】,O
13,谷歌,O
13,搜索,O
13,霸屏,O
13,推广,O
13,，,O
13,谷歌,O
13,SEO,O
13,优化,O
13,排名,O
13,，,O
13,谷歌,O
13,搜索,O
13,留痕,O
13,发外,O
13,链,O
13,引流,O
13,等,O
13,综合,O
13,推广,O
13,服务,O
13,！,O
13,ADIDLSZ7346848615,O
14,哪里,O
14,买,O
14,的,O
14,到,O
14,海外,O
14,SouL,O
14,账号,O
14,【,O
14,电报,O
14,飞机,O
14,∶,O
14,@,B-contact
14,bailufakabot,I-contact
14,_,O
14,电报,O
14,频道,O
14,∶,O
14,@,B-contact
14,bailufaka,I-contact
14,】,O
14,购买,O
14,出售,O
14,各类,O
14,平台,O
14,账号,O
14,卡号,O
14,ID,O
14,】,O
14,天津,O
14,南开区,O
14,TLMF,O
15,哪里,O
15,卖,O
15,企业,O
15,支付宝,O
15,账号,O
15,【,O
15,电报,O
15,飞机,O
15,∶,O
15,@,B-contact
15,bailufakabot,I-contact
15,_,O
15,纸飞机,O
15,频道,O
15,∶,O
15,@,B-contact
15,bailufaka,I-contact
15,】,O
15,购买,O
15,出售,O
15,各类,O
15,平台,O
15,账号,O
15,卡号,O
15,ID,O
15,】,O
15,株洲县,O
15,.,O
15,德国,O
15,汉堡,O
15,.,O
15,大丰,O
15,丨,O
15,日本,O
15,横滨,O
15,-,O
15,LRTe,O
16,菲律宾,O
16,短,O
16,信群发,O
16,,O
16,菲律宾群,O
16,发,O
16,,O
16,【,O
16,Telegram,O
16,:,O
16,@,B-contact
16,kkk6687,I-contact
16,】,O
16,174437,O
17,安徽省,O
17,谷歌,O
17,霸屏,O
17,【,O
17,小,O
17,飞机,O
17,：,O
17,sms10666,B-contact
17,】,O
17,g98272,O
18,搜索,O
18,留痕,O
18,【,O
18,飞机,O
18,：,O
18,@,B-contact
18,lishengzhe,I-contact
18,】,O
18,提供,O
18,开发,O
18,站,O
18,群,O
18,程序,O
18,，,O
18,谷歌,O
18,搜索,O
18,留痕,O
18,，,O
18,Google,O
18,搜索,O
18,留痕,O
18,软件,O
18,+,O
18,技术,O
18,+,O
18,教程,O
18,+,O
18,蜘蛛,O
18,池,O
18,+,O
18,站,O
18,群,O
18,搭建,O
18,全,O
18,服务,O
18,。,O
18,36569,O
19,手机,O
19,怎么,O
19,买,O
19,足球赛,O
19,赌注,O
19,『,O
19,谷歌,O
19,站,O
19,群,O
19,排名,O
19,联系,O
19,TG,O
19,@,B-contact
19,TGSEO2,I-contact
19,』,O
19,2022,O
19,年,O
19,10,O
19,月,O
19,12,O
19,日,O
19,4,O
19,时,O
19,32,O
19,分,O
19,18,O
19,秒,O
19,.,O
19,1tp1rxdb1,O
20,南京,O
20,谷歌,O
20,引流,O
20,【,O
20,小,O
20,飞机,O
20,：,O
20,sms10666,B-contact
20,】,O
20,g53517,O
21,2022,O
21,全新,O
21,telegram,O
21,引流,O
21,群发,O
21,助手,O
21,飞机,O
21,群发,O
21,软件,O
21,TG,O
21,曝光,O
21,王,O
21,【,O
21,飞机,O
21,电报,O
21,@,B-contact
21,baoguangwang,I-contact
21,】,O
21,2022,O
21,全新,O
21,telegram,O
21,引流,O
21,群发,O
21,助手,O
21,万源,O
21,1n9J,O
22,连云港,O
22,google,O
22,霸屏,O
22,【,O
22,小,O
22,飞机,O
22,：,O
22,sms10666,B-contact
22,】,O
22,d68881,O
23,加拿大,O
23,北极,O
23,群岛,O
23,【,O
23,TG,O
23,:,O
23,@,B-contact
23,JJ456,I-contact
23,】,O
23,源码,O
23,搭建,O
23,开发包,O
23,网,O
23,.,O
23,dxa,O
24,汤加,O
24,排名,O
24,服务,O
24,【,O
24,小,O
24,飞机,O
24,：,O
24,sms10666,B-contact
24,】,O
24,l11263,O
25,东南亚,O
25,诚聘,O
25,推广,O
25,【,O
25,TG,O
25,:,O
25,@,B-contact
25,SMS0917,I-contact
25,】,O
25,需要,O
25,推广,O
25,加,O
25,我,O
25,k51833,O
26,搜索,O
26,留痕,O
26,【,O
26,飞机,O
26,：,O
26,@,B-contact
26,lishengzhe,I-contact
26,】,O
26,提供,O
26,开发,O
26,站,O
26,群,O
26,程序,O
26,，,O
26,谷歌,O
26,搜索,O
26,留痕,O
26,，,O
26,Google,O
26,搜索,O
26,留痕,O
26,软件,O
26,+,O
26,技术,O
26,+,O
26,教程,O
26,+,O
26,蜘蛛,O
26,池,O
26,+,O
26,站,O
26,群,O
26,搭建,O
26,全,O
26,服务,O
26,。,O
26,77187,O
27,外贸,O
27,网站,O
27,建设,O
27,自助,O
27,【,O
27,飞机,O
27,：,O
27,@,B-contact
27,lishengzhe,I-contact
27,】,O
27,谷歌,O
27,搜索,O
27,霸屏,O
27,推广,O
27,，,O
27,谷歌,O
27,SEO,O
27,优化,O
27,排名,O
27,，,O
27,谷歌,O
27,搜索,O
27,留痕,O
27,发外,O
27,链,O
27,引流,O
27,等,O
27,综合,O
27,推广,O
27,服务,O
27,！,O
27,ADIDLSZ9553129165,O
28,重庆,O
28,谷歌,O
28,引流,O
28,【,O
28,小,O
28,飞机,O
28,：,O
28,sms10666,B-contact
28,】,O
28,C13786,O
29,zencart,O
29,外贸,O
29,网站,O
29,模板,O
29,【,O
29,飞机,O
29,：,O
29,@,B-contact
29,lishengzhe,I-contact
29,】,O
29,谷歌,O
29,搜索,O
29,霸屏,O
29,推广,O
29,，,O
29,谷歌,O
29,SEO,O
29,优化,O
29,排名,O
29,，,O
29,谷歌,O
29,搜索,O
29,留痕,O
29,发外,O
29,链,O
29,引流,O
29,等,O
29,综合,O
29,推广,O
29,服务,O
29,！,O
29,ADIDLSZ6375836173,O
30,搜索,O
30,留痕,O
30,【,O
30,飞机,O
30,：,O
30,@,B-contact
30,lishengzhe,I-contact
30,】,O
30,提供,O
30,开发,O
30,站,O
30,群,O
30,程序,O
30,，,O
30,谷歌,O
30,搜索,O
30,留痕,O
30,，,O
30,Google,O
30,搜索,O
30,留痕,O
30,软件,O
30,+,O
30,技术,O
30,+,O
30,教程,O
30,+,O
30,蜘蛛,O
30,池,O
30,+,O
30,站,O
30,群,O
30,搭建,O
30,全,O
30,服务,O
30,。,O
30,81295,O
31,东南亚,O
31,猎头,O
31,-,O
31,广告,O
31,【,O
31,TG,O
31,:,O
31,@,B-contact
31,SMS0917,I-contact
31,】,O
31,需要,O
31,推广,O
31,加,O
31,我,O
31,G13426,O
32,站,O
32,群,O
32,赚钱,O
32,【,O
32,飞机,O
32,：,O
32,@,B-contact
32,lishengzhe,I-contact
32,】,O
32,谷歌,O
32,搜索,O
32,霸屏,O
32,推广,O
32,，,O
32,谷歌,O
32,SEO,O
32,优化,O
32,排名,O
32,，,O
32,谷歌,O
32,搜索,O
32,留痕,O
32,发外,O
32,链,O
32,引流,O
32,等,O
32,综合,O
32,推广,O
32,服务,O
32,！,O
32,ADIDLSZ7742799842,O
33,抚州,O
33,哪里,O
33,有,O
33,外围,O
33,女,O
33,『,O
33,谷歌,O
33,排名,O
33,联系,O
33,TG,O
33,@,B-contact
33,ehseo6,I-contact
33,』,O
33,2022,O
33,年,O
33,10,O
33,月,O
33,11,O
33,日,O
33,23,O
33,时,O
33,44,O
33,分,O
33,23,O
33,秒,O
33,.,O
33,zfbv75xdx,O
34,有人,O
34,卖,O
34,捕鱼,O
34,达,O
34,人,O
34,金币,O
34,号,O
34,『,O
34,谷歌外,O
34,推,O
34,排名,O
34,联系,O
34,TG,O
34,@,B-contact
34,ehseo6,I-contact
34,』,O
34,2022,O
34,年,O
34,10,O
34,月,O
34,12,O
34,日,O
34,0,O
34,时,O
34,17,O
34,分,O
34,9,O
34,秒,O
34,.,O
34,mkli5wkcn,O
35,巴黎,O
35,google,O
35,推广,O
35,【,O
35,小,O
35,飞机,O
35,：,O
35,sms10666,B-contact
35,】,O
35,Z88344,O
36,昆明,O
36,排名,O
36,服务,O
36,【,O
36,小,O
36,飞机,O
36,：,O
36,sms10666,B-contact
36,】,O
36,j74556,O
37,241,O
37,-,O
37,谷歌,O
37,搜索,O
37,留痕,O
37,【,O
37,飞机,O
37,：,O
37,@,B-contact
37,lishengzhe,I-contact
37,】,O
37,以及,O
37,做个,O
37,外贸,O
37,网站,O
37,一般,O
37,需要,O
37,多少,O
37,钱,O
37,相关,O
37,服务,O
37,！,O
37,ADID86687724,O
38,菲律宾,O
38,菠菜,O
38,推广,O
38,好,O
38,做,O
38,吗,O
38,【,O
38,电报,O
38,飞机,O
38,@,B-contact
38,huohu188,I-contact
38,】,O
38,.,O
38,zhv,O
39,搜索,O
39,留痕,O
39,【,O
39,飞机,O
39,：,O
39,@,B-contact
39,lishengzhe,I-contact
39,】,O
39,提供,O
39,开发,O
39,站,O
39,群,O
39,程序,O
39,，,O
39,谷歌,O
39,搜索,O
39,留痕,O
39,，,O
39,Google,O
39,搜索,O
39,留痕,O
39,软件,O
39,+,O
39,技术,O
39,+,O
39,教程,O
39,+,O
39,蜘蛛,O
39,池,O
39,+,O
39,站,O
39,群,O
39,搭建,O
39,全,O
39,服务,O
39,。,O
39,92746,O
40,谷歌,O
40,搜索,O
40,留痕,O
40,【,O
40,飞机,O
40,：,O
40,@,B-contact
40,lishengzhe,I-contact
40,】,O
40,以及,O
40,泛,O
40,解析,O
40,蜘蛛,O
40,池,O
40,，,O
40,泛,O
40,解析,O
40,蜘蛛,O
40,池,O
40,，,O
40,泛,O
40,解析,O
40,蜘蛛,O
40,池,O
40,相关,O
40,服务,O
40,！,O
40,ADID28946536,O
41,巨量,O
41,引擎,O
41,渠道,O
41,一站式,O
41,【,O
41,飞机,O
41,:,O
41,kkk6681,B-contact
41,】,O
41,817717,O
42,缅甸,O
42,号段,O
42,数据,O
42,料子,O
42,【,O
42,+,O
42,tg,O
42,:,O
42,@,B-contact
42,du616,I-contact
42,】,O
42,.,O
42,fuk,O
43,洪都拉斯,O
43,短信,O
43,通道,O
43,【,O
43,TG,O
43,电报,O
43,:,O
43,@,B-contact
43,liuhenbaping,I-contact
43,】,O
43,布隆迪,O
43,引流,O
43,神器,O
43,【,O
43,TG,O
43,飞机,O
43,:,O
43,@,B-contact
43,liuhenbaping,I-contact
43,】,O
43,网站,O
43,谷歌,O
43,收录,O
43,【,O
43,Telegram,O
43,:,O
43,@,B-contact
43,liuhenbaping,I-contact
43,】,O
43,AG,O
43,电子,O
43,pg,O
43,埃及,O
43,宝典,O
43,大奖,O
43,视频,O
44,格陵兰,O
44,google,O
44,霸屏,O
44,【,O
44,小,O
44,飞机,O
44,：,O
44,sms10666,B-contact
44,】,O
44,i18665,O
45,赞邦,O
45,股票,O
45,『,O
45,谷歌,O
45,排名,O
45,联系,O
45,TG,O
45,@,B-contact
45,BTCQ2,I-contact
45,』,O
45,.,O
45,tnoalnmuz,O
46,谷歌,O
46,快速,O
46,索引,O
46,你,O
46,的,O
46,产品,O
46,【,O
46,TG,O
46,:,O
46,@,B-contact
46,dab520,I-contact
46,】,O
47,sem,O
47,是,O
47,搜索引擎,O
47,付费,O
47,广告,O
47,【,O
47,飞机,O
47,：,O
47,@,B-contact
47,lishengzhe,I-contact
47,】,O
47,谷歌,O
47,搜索,O
47,霸屏,O
47,推广,O
47,，,O
47,谷歌,O
47,SEO,O
47,优化,O
47,排名,O
47,，,O
47,谷歌,O
47,搜索,O
47,留痕,O
47,发外,O
47,链,O
47,引流,O
47,等,O
47,综合,O
47,推广,O
47,服务,O
47,！,O
47,ADIDLSZ9463486848,O
48,西安,O
48,排名,O
48,服务,O
48,【,O
48,小,O
48,飞机,O
48,：,O
48,sms10666,B-contact
48,】,O
48,c53426,O
49,阳江,O
49,外贸,O
49,推广,O
49,【,O
49,小,O
49,飞机,O
49,：,O
49,sms10666,B-contact
49,】,O
49,f28926,O
50,菠菜,O
50,行业,O
50,推广,O
50,【,O
50,电报,O
50,飞机,O
50,@,B-contact
50,huohu188,I-contact
50,】,O
50,.,O
50,nls,O
51,哪里,O
51,有,O
51,卖,O
51,阿里,O
51,云,O
51,邮箱,O
51,【,O
51,电报,O
51,飞机,O
51,∶,O
51,telegram,O
51,_,O
51,频道,O
51,∶,O
51,@,B-contact
51,bailufaka,I-contact
51,】,O
51,购买,O
51,出售,O
51,各类,O
51,平台,O
51,账号,O
51,卡号,O
51,ID,O
51,】,O
51,绥芬河,O
51,xM,O
52,卡塔尔,O
52,google,O
52,竞价,O
52,【,O
52,TG,O
52,电报,O
52,:,O
52,@,B-contact
52,liuhenbaping,I-contact
52,】,O
52,代,O
52,google,O
52,优化,O
52,开户,O
52,推广,O
52,专业,O
52,【,O
52,TG,O
52,飞机,O
52,:,O
52,@,B-contact
52,liuhenbaping,I-contact
52,】,O
52,希腊,O
52,谷歌,O
52,排名,O
52,【,O
52,Telegram,O
52,:,O
52,@,B-contact
52,liuhenbaping,I-contact
52,】,O
52,ag,O
52,娱乐,O
52,官方,O
52,welcome,O
52,在线,O
52,购彩,O
53,肾囊肿,O
53,引流术,O
53,术后,O
53,护理,O
53,【,O
53,飞机,O
53,：,O
53,@,B-contact
53,lishengzhe,I-contact
53,】,O
53,谷歌,O
53,搜索,O
53,霸屏,O
53,推广,O
53,，,O
53,谷歌,O
53,SEO,O
53,优化,O
53,排名,O
53,，,O
53,谷歌,O
53,搜索,O
53,留痕,O
53,发外,O
53,链,O
53,引流,O
53,等,O
53,综合,O
53,推广,O
53,服务,O
53,！,O
53,ADIDLSZ1666933526,O
54,在,O
54,哪里,O
54,卖,O
54,不,O
54,实名,O
54,激活,O
54,电话卡,O
54,【,O
54,电报,O
54,飞机,O
54,∶,O
54,telegram,O
54,_,O
54,频道,O
54,∶,O
54,@,B-contact
54,bailufaka,I-contact
54,】,O
54,购买,O
54,出售,O
54,各类,O
54,平台,O
54,账号,O
54,卡号,O
54,ID,O
54,】,O
54,高平,O
54,uY,O
55,吉布提,O
55,竞价,O
55,开户,O
55,【,O
55,TG,O
55,电报,O
55,:,O
55,@,B-contact
55,liuhenbaping,I-contact
55,】,O
55,大连,O
55,谷歌,O
55,网络,O
55,推广,O
55,【,O
55,TG,O
55,飞机,O
55,:,O
55,@,B-contact
55,liuhenbaping,I-contact
55,】,O
55,微信,O
55,推廣營銷,O
55,方案,O
55,【,O
55,Telegram,O
55,:,O
55,@,B-contact
55,liuhenbaping,I-contact
55,】,O
55,ag,O
55,哪个,O
55,网站,O
55,真的,O
55,pg,O
55,游戏,O
55,平台,O
56,爱沙尼亚,O
56,谷歌,O
56,首页,O
56,霸屏,O
56,【,O
56,飞机,O
56,：,O
56,kkk6687,B-contact
56,】,O
56,爱沙尼亚,O
56,专业,O
56,排名,O
56,n91912,O
57,搜索引擎,O
57,sem,O
57,【,O
57,飞机,O
57,：,O
57,@,B-contact
57,lishengzhe,I-contact
57,】,O
57,谷歌,O
57,搜索,O
57,霸屏,O
57,推广,O
57,，,O
57,谷歌,O
57,SEO,O
57,优化,O
57,排名,O
57,，,O
57,谷歌,O
57,搜索,O
57,留痕,O
57,发外,O
57,链,O
57,引流,O
57,等,O
57,综合,O
57,推广,O
57,服务,O
57,！,O
57,ADIDLSZ6822897877,O
58,通化,O
58,谷歌,O
58,引流,O
58,【,O
58,小,O
58,飞机,O
58,：,O
58,sms10666,B-contact
58,】,O
58,X36473,O
59,资阳,O
59,首页,O
59,霸屏,O
59,【,O
59,小,O
59,飞机,O
59,：,O
59,sms10666,B-contact
59,】,O
59,Y64634,O
60,霸屏,O
60,推广,O
60,seo,O
60,霸屏,O
60,【,O
60,飞机,O
60,：,O
60,@,B-contact
60,lishengzhe,I-contact
60,】,O
60,谷歌,O
60,搜索,O
60,霸屏,O
60,推广,O
60,，,O
60,谷歌,O
60,SEO,O
60,优化,O
60,排名,O
60,，,O
60,谷歌,O
60,搜索,O
60,留痕,O
60,发外,O
60,链,O
60,引流,O
60,等,O
60,综合,O
60,推广,O
60,服务,O
60,！,O
60,ADIDLSZ1714145246,O
61,远,O
61,控免,O
61,杀,O
61,+,O
61,纸飞机,O
61,TG,O
61,:,O
61,@,B-contact
61,df99998,I-contact
61,】,O
61,.,O
61,axj,O
62,株洲市,O
62,外围,O
62,【,O
62,小,O
62,飞机,O
62,：,O
62,KKK6687,B-contact
62,】,O
62,专业,O
62,谷歌,O
62,霸屏,O
62,推广,O
62,c98978,O
63,稳定,O
63,的,O
63,外贸,O
63,推广,O
63,代理,O
63,【,O
63,telegram,O
63,∶,O
63,@,B-contact
63,AK5537,I-contact
63,】,O
63,FACEBOOK,O
63,代,O
63,广告投放,O
63,】,O
63,谷歌,O
63,优化,O
63,排名,O
63,有,O
63,哪些,O
63,【,O
63,telegram,O
63,∶,O
63,@,B-contact
63,AK5537,I-contact
63,】,
63,领英,
63,全球,
63,竞价,
63,开户,
63,】,
63,wbr,
64,马绍尔群岛,
64,facebook,
64,竞价,
64,【,
64,TG,
64,电报,
64,:,
64,@,B-contact
64,liuhenbaping,I-contact
64,】,
64,法属波利尼西亚,
64,国外,
64,灰产,
64,【,
64,TG,
64,飞机,
64,:,
64,@,B-contact
64,liuhenbaping,I-contact
64,】,
64,怎么,
64,引,
64,国外,
64,的,
64,粉,
64,【,
64,Telegram,
64,:,
64,@,B-contact
64,liuhenbaping,I-contact
64,】,
64,bet,
64,后缀,
64,网址,
64,澳门,
64,网上,
64,娱乐,
64,app,
64,大全,
65,谷歌,
65,搜索,
65,留痕,
65,【,
65,飞机,
65,：,
65,@,B-contact
65,lishengzhe,I-contact
65,】,
65,以及,
65,镜像,
65,蜘蛛,
65,池,
65,，,
65,镜像,
65,蜘蛛,
65,池,
65,，,
65,镜像,
65,蜘蛛,
65,池,
65,相关,
65,服务,
65,！,
65,ADID11457254,
66,二级域名,
66,是,
66,【,
66,飞机,
66,：,
66,@,B-contact
66,lishengzhe,I-contact
66,】,
66,谷歌,
66,搜索,
66,霸屏,
66,推广,
66,，,
66,谷歌,
66,SEO,
66,优化,
66,排名,
66,，,
66,谷歌,
66,搜索,
66,留痕,
66,发外,
66,链,
66,引流,
66,等,
66,综合,
66,推广,
66,服务,
66,！,
66,ADIDLSZ8162875732,
67,阿根廷,
67,支付,
67,通道,
67,【,
67,复制,
67,加,
67,飞机,
67,：,
67,kkk6687,B-contact
67,】,
67,阿根廷,
67,银行卡,
67,,
67,四件套,
67,Y73565,
68,德国,
68,支付,
68,通道,
68,【,
68,复制,
68,加,
68,飞机,
68,：,
68,kkk6687,B-contact
68,】,
68,德国,
68,银行卡,
68,,
68,四件套,
68,464666,
69,寄生虫,
69,采集,
69,程序,
69,【,
69,飞机,
69,：,
69,@,B-contact
69,lishengzhe,I-contact
69,】,
69,谷歌,
69,搜索,
69,霸屏,
69,推广,
69,，,
69,谷歌,
69,SEO,
69,优化,
69,排名,
69,，,
69,谷歌,
69,搜索,
69,留痕,
69,发外,
69,链,
69,引流,
69,等,
69,综合,
69,推广,
69,服务,
69,！,
69,ADIDLSZ3688456567,
70,红绿灯,
70,声音,
70,【,
70,TG,
70,:,
70,@,B-contact
70,JJ456,I-contact
70,】,
70,平台,
70,源码,
70,搭建,
70,开发包,
70,网,
70,.,
70,vow,
71,贝宁,
71,谷歌,
71,引流,
71,【,
71,小,
71,飞机,
71,：,
71,sms10666,B-contact
71,】,
71,J14524,
72,卢森堡,
72,google,
72,推广,
72,【,
72,小,
72,飞机,
72,：,
72,sms10666,B-contact
72,】,
72,V64274,
73,泛,
73,目录,
73,最新,
73,源码,
73,【,
73,飞机,
73,：,
73,@,B-contact
73,lishengzhe,I-contact
73,】,
73,谷歌,
73,搜索,
73,霸屏,
73,推广,
73,，,
73,谷歌,
73,SEO,
73,优化,
73,排名,
73,，,
73,谷歌,
73,搜索,
73,留痕,
73,发外,
73,链,
73,引流,
73,等,
73,综合,
73,推广,
73,服务,
73,！,
73,ADIDLSZ3652892973,
73,,
74,实时,
74,数据,
74,查询,
74,【,
74,飞机,
74,：,
74,,
74,kkk6687,B-contact
74,】,
74,f85984,
75,塞内加尔,
75,支付,
75,通道,
75,【,
75,复制,
75,加,
75,飞机,
75,：,
75,kkk6687,B-contact
75,】,
75,塞内加尔,
75,银行卡,
75,,
75,四件套,
75,Z21258,
76,哪里,
76,买,
76,的,
76,到,
76,Facebook,
76,账号,
76,【,
76,电报,
76,飞机,
76,∶,
76,@,B-contact
76,bailufakabot,I-contact
76,_,
76,电报,
76,频道,
76,∶,
76,@,B-contact
76,bailufaka,I-contact
76,】,
76,购买,
76,出售,
76,各类,
76,平台,
76,账号,
76,卡号,
76,ID,
76,】,
76,启东,
76,8idy,
77,菲律宾,
77,dito,
77,短信,
77,【,
77,Telegram,
77,:,
77,@,B-contact
77,kkk6687,I-contact
77,】,
77,菲律宾,
77,dito,
77,短信,
77,专业,
77,团队,
77,D88863,
78,seo,
78,代发,
78,广告,
78,推广,
78,【,
78,TG,
78,:,
78,@,B-contact
78,dab520,I-contact
78,】,
79,迪拜,
79,招聘,
79,推广,
79,【,
79,TG,
79,:,
79,@,B-contact
79,SMS0917,I-contact
79,】,
79,需要,
79,推广,
79,加,
79,我,
79,C92327,
80,菲律宾,
80,给,
80,发,
80,国内,
80,短信,
80,【,
80,飞机,
80,:,
80,kkk6681,B-contact
80,】,
80,x88763,
81,哪里,
81,能,
81,买,
81,到,
81,空孕,
81,催,
81,乳剂,
81,【,
81,购买,
81,加,
81,电报,
81,飞机,
81,wees86,B-contact
81,出售,
81,各类,
81,迷药,
81,】,
81,.,
81,eqa,
82,梅州,
82,上门,
82,资源,
82,【,
82,飞机,
82,@,B-contact
82,lz8858,I-contact
82,】,
82,专业,
82,梅州,
82,上门,
82,资源,
82,极速,
82,x49545,
83,台北,
83,google,
83,霸屏,
83,【,
83,小,
83,飞机,
83,：,
83,sms10666,B-contact
83,】,
83,w87627,
84,爱尔兰,
84,支付,
84,通道,
84,【,
84,复制,
84,加,
84,飞机,
84,：,
84,kkk6687,B-contact
84,】,
84,爱尔兰,
84,银行卡,
84,,
84,四件套,
84,h87722,
85,布隆迪,
85,谷歌,
85,留痕,
85,接单,
85,【,
85,TG,
85,电报,
85,∶,
85,e10838,B-contact
85,】,
85,专业,
85,推广,
85,，,
85,快速,
85,收录,
85,排名,
85,.,
85,ueh.0704,
86,岳,
86,阳谷,
86,歌,
86,seo,
86,【,
86,TG,
86,飞机,
86,∶,
86,@,B-contact
86,AK5537,I-contact
86,】,
86,FACEBOOK,
86,竞价,
86,开户,
86,推广,
86,】,
86,微信,
86,公众,
86,如何,
86,推广,
86,【,
86,TG,
86,飞机,
86,∶,
86,@,B-contact
86,AK5537,I-contact
86,】,
86,FB,
86,，,
86,谷歌,
86,全世界,
86,开户,
86,】,
86,exv,
87,收码,
87,平台,
87,【,
87,TG,
87,飞机,
87,:,
87,,
87,@,B-contact
87,smsbus999,I-contact
87,】,
87,专业,
87,的,
87,海外,
87,短信,
87,验证码,
87,平台,
87,，,
87,短信,
87,验证码,
87,接码,
87,平台,
87,大全,
87,，,
87,全新,
87,号码,
87,多,
87,，,
87,无,
87,重复,
87,】,
87,乌兰浩特,
87,NU,
88,암,
88,호,
88,화,
88,폐,
88,과,
88,세,
88,【,
88,텔,
88,레,
88,그,
88,램,
88,,
88,JINTE666,B-contact
88,】,
88,선,
88,물,
88,수,
88,수,
88,료,
88,,
88,무,
88,료,
88,ß,
88,레,
88,버,
88,리,
88,지,
88,,
88,리,
88,스,
88,크,
88,,
88,관,
88,리,
88,,
88,|,
88,,
88,쎄,
88,지,
88,코,
88,인,
89,【,
89,天宇,
89,☀,
89,️,
89,TG,
89,：,
89,tianyuweiyizhanghao,B-contact
89,_,I-contact
89,888,I-contact
89,_,I-contact
89,88,I-contact
89,】,
89,telegram,
89,自动,
89,注册,
89,群发,
89,私信,
89,采集,
89,.,
89,amb.0924,
90,telegram,
90,专业翻译,
90,【,
90,TG,
90,电报,
90,+,
90,@,B-contact
90,TWKF01,I-contact
90,】,
90,英语,
90,日语,
90,多语种,
90,翻译,
90,.,
90,ean,
91,飞机,
91,全球,
91,语言,
91,翻译,
91,【,
91,TG,
91,电报,
91,+,
91,@,B-contact
91,ffanyi,I-contact
91,】,
91,在线翻译,
91,器,
91,.,
91,gur,
92,WhatsApp,
92,聊天,
92,翻译,
92,软件,
92,下载,
92,【,
92,TG,
92,电报,
92,联系,
92,@,B-contact
92,HaiyanBot,I-contact
92,】,
92,.,
92,wti,
92,,
93,怒江,
93,傈僳族,
93,推广,
93,服务,
93,【,
93,小,
93,飞机,
93,：,
93,sms10666,B-contact
93,】,
93,d67777,
94,德宏,
94,傣族,
94,景颇族,
94,谷歌,
94,引流,
94,【,
94,小,
94,飞机,
94,：,
94,sms10666,B-contact
94,】,
94,S49962,
95,VIET,
95,,
95,CAPITAL,
95,,
95,BANKapi,
95,,
95,payment,
95,,
95,channel,
95,『,
95,Telegram,
95,∶,
95,@,B-contact
95,PrincePay,I-contact
95,』,
95,,
95,c,
95,ổ,
95,ng,
95,,
95,thanh,
95,,
95,to,
95,á,
95,n,
95,,
95,s,
95,ố,
95,,
95,1,
95,,
95,vi,
95,ệ,
95,t,
95,,
95,nam,
95,,
95,gi,
95,ả,
95,i,
95,,
95,ph,
95,á,
95,p,
95,,
95,thanh,
95,,
95,to,
95,á,
95,n,
95,,
95,đ,
95,a,
95,,
95,k,
95,ê,
95,nh,
95,,
95,t,
95,ố,
95,i,
95,,
95,ư,
95,u,
95,】,
95,北京,
95,顺义区,
95,0l,
96,菲律宾,
96,短信,
96,套餐,
96,【,
96,飞机,
96,:,
96,kkk6681,B-contact
96,】,
96,c25586,
97,菲律宾,
97,dito,
97,短信,
97,【,
97,Telegram,
97,:,
97,@,B-contact
97,kkk6687,I-contact
97,】,
97,菲律宾,
97,dito,
97,短信,
97,专业,
97,团队,
97,s46376,
97,,
98,东盟,
98,统计,
98,数据库,
98,【,
98,飞机,
98,:,
98,kkk6681,B-contact
98,】,
98,371194,
99,bumble,
99,谷歌,
99,翻译,
99,【,
99,纸飞机,
99,@,B-contact
99,TWKF01,I-contact
99,】,
99,翻译,
99,连接,
99,世界,
99,.,
99,gaz,
100,tg,
100,引流,
100,群组,
100,【,
100,tg,
100,电报,
100,∶,
100,@,B-contact
100,baoguangwang,I-contact
100,】,
100,飞机,
100,群发,
100,软件,
100,第一,
100,品牌,
100,tg,
100,引流,
100,群组,
100,【,
100,tg,
100,电报,
100,∶,
100,@,B-contact
100,baoguangwang,I-contact
100,】,
100,飞机,
100,群发,
100,软件,
100,第一,
100,品牌,
100,tg,
100,引流,
100,群组,
100,【,
100,tg,
100,电报,
100,∶,
100,@,B-contact
100,baoguangwang,I-contact
100,】,
100,飞机,
100,群发,
100,软件,
100,第一,
100,品牌,
100,tg,
100,引流,
100,群组,
100,摩纳哥,
100,xd,
100,,
101,아,
101,이,
101,스,
101,『,
101,텔,
101,레,
101,그,
101,램,
101,orgasm892,B-contact
101,』,
101,캔,
101,디,
101,∾,
101,∿,
101,떨,
101,액,
101,팝,
101,니,
101,다,
101,ꐁ,
101,아,
101,이,
101,스,
101,팝,
101,니,
101,다,
101,ꘀ,
101,캔,
101,디,
101,㏳,
101,브,
101,액,
101,팝,
101,니,
101,다,
102,울,
102,산,
102,찬,
102,술,
102,사,
102,는,
102,곳,
102,æ,
102,,
102,『,
102,텔,
102,ㄹ,
102,ㅔ,
102,INSM88,B-contact
102,』,
102,✎,
102,울,
102,산,
102,브,
102,액,
102,파,
102,는,
102,곳,
102,♯,
102,울,
102,산,
102,lsd,
102,구,
102,매,
102,☆,
102,울,
102,산,
102,케,
102,이,
102,구,
102,입,
102,,
102,울,
102,산,
102,캔,
102,디,
102,구,
102,하,
102,는,
102,곳,
102,,
102,울,
102,산,
102,아,
102,이,
102,스,
102,구,
102,입,
103,MT5,
103,交易,
103,程序,
103,源码,
103,模板,
103,【,
103,telegram,
103,∶,
103,@,B-contact
103,FF7576,I-contact
103,】,
103,平台,
103,快速,
103,搭建,
103,】,
103,各类,
103,代购,
103,盘,
103,搭建,
103,【,
103,telegram,
103,∶,
103,@,B-contact
103,FF7576,I-contact
103,】,
103,平台,
103,多,
103,语言,
103,搭建,
103,】,
103,v7mxie7ua,
104,instagram,
104,交流,
104,软件,
104,【,
104,TG,
104,电报,
104,+,
104,@,B-contact
104,ffanyi,I-contact
104,】,
104,使用,
104,实时,
104,翻译,
104,语音,
104,或,
104,文字,
104,.,
104,avb,
104,,
105,skype,
105,中泰,
105,翻译,
105,【,
105,TG,
105,电报,
105,@,B-contact
105,TWKF01,I-contact
105,】,
105,中,
105,英,
105,深度,
105,互译,
105,.,
105,nib,
106,코,
106,인,
106,장,
106,하,
106,는,
106,곳,
106,ｓ,
106,,
106,【,
106,텔,
106,레,
106,GP609,B-contact
106,】,
106,,
106,코,
106,인,
106,장,
106,하,
106,는,
106,곳,
106,♗,
106,코,
106,인,
106,장,
106,문,
106,의,
106,❄,
106,코,
106,인,
106,장,
106,알,
106,바,
106,,
106,코,
106,인,
106,장,
106,하,
106,는,
106,곳,
106,✽,
106,코,
106,인,
106,장,
106,하,
106,는,
106,곳,
107,糖果,
107,下载,
107,【,
107,飞机,
107,群,
107,:,
107,@,B-contact
107,candyofficials,I-contact
107,】,
107,<,
107,-,
107,糖果,
107,下载,
107,第一个,
107,加密,
107,社交,
107,小游戏,
107,俱乐部,
107,----,
107,Y33111,
108,l,
108,à,
108,m,
108,,
108,c,
108,á,
108,i,
108,,
108,g,
108,ì,
108,,
108,ki,
108,ế,
108,m,
108,,
108,ti,
108,ề,
108,n,
108,,
108,h,
108,ả,
108,【,
108,telegram,
108,∶,
108,T2367,B-contact
108,】,
108,,
108,B,
108,ậ,
108,c,
108,,
108,th,
108,ầ,
108,y,
108,,
108,ki,
108,ế,
108,m,
108,,
108,ti,
108,ề,
108,n,
108,】,
108,l,
108,à,
108,m,
108,,
108,c,
108,á,
108,i,
108,,
108,g,
108,ì,
108,,
108,ra,
108,,
108,ti,
108,ề,
108,n,
108,,
108,d,
108,ễ,
108,,
108,d,
108,à,
108,ng,
108,,
108,nh,
108,ấ,
108,t,
108,【,
108,telegram,
108,∶,
108,T2367,B-contact
108,】,
108,,
108,B,
108,ậ,
108,c,
108,,
108,th,
108,ầ,
108,y,
108,,
108,ki,
108,ế,
108,m,
108,,
108,ti,
108,ề,
108,n,
108,】,
108,eoq,
108,,
109,badoo,
109,智能,
109,翻译,
109,【,
109,联系,
109,飞机,
109,@,B-contact
109,TWKF01,I-contact
109,】,
109,翻译,
109,连接,
109,世界,
109,.,
109,njf,
110,Telegram,
110,推广,
110,机器人,
110,【,
110,飞机,
110,:,
110,kkk6681,B-contact
110,】,
110,o25935,
111,朝鲜,
111,商城,
111,交易,
111,程序,
111,源码,
111,模板,
111,【,
111,TG,
111,飞机,
111,∶,
111,@,B-contact
111,FF7576,I-contact
111,】,
111,平台,
111,全球,
111,搭建,
111,服务,
111,】,
111,投資,
111,程序,
111,源碼,
111,php,
111,【,
111,TG,
111,飞机,
111,∶,
111,@,B-contact
111,FF7576,I-contact
111,】,
111,平台,
111,快速,
111,搭建,
111,】,
111,x3ni4zwed,
112,海象,
112,苹果,
112,翻译,
112,【,
112,联系,
112,飞机,
112,@,B-contact
112,TWKF01,I-contact
112,】,
112,通用版,
112,翻译,
112,软件,
112,--,
112,适用,
112,多,
112,领域,
112,多,
112,平台,
112,，,
112,覆盖,
112,全球,
112,200,
112,多种语言,
112,及,
112,地区,
112,.,
112,yex,
113,外链,
113,代发,
113,群发,
113,【,
113,联系,
113,纸飞机,
113,:,
113,@,B-contact
113,lishengzhe,I-contact
113,】,
113,外链,
113,代发,
113,群发,
113,服务,
113,信誉,
113,可靠,
113,诸多,
113,案例,
113,展示,
113,实力,
113,adid,
113,+,
113,1791,
114,印度,
114,数据分析,
114,公司,
114,【,
114,飞机,
114,:,
114,kkk6681,B-contact
114,】,
114,l33488,
115,眉山,
115,推广,
115,服务,
115,【,
115,小,
115,飞机,
115,：,
115,sms10666,B-contact
115,】,
115,K19851,
116,北京,
116,谷歌,
116,推广,
116,公司,
116,《,
116,TG,
116,飞机,
116,∶,
116,@,B-contact
116,liuhenbaping,I-contact
116,》,
116,谷歌,
116,seo,
116,优化,
116,能,
116,不,
116,花钱,
116,搞定,
116,吗,
116,《,
116,TG,
116,飞机,
116,∶,
116,@,B-contact
116,liuhenbaping,I-contact
116,》,
116,谷歌,
116,推广,
116,流量,
117,谷歌,
117,搜索,
117,留痕,
117,【,
117,飞机,
117,：,
117,@,B-contact
117,lishengzhe,I-contact
117,】,
117,google,
117,搜索,
117,留痕,
117,代发,
117,，,
117,谷歌,
117,蜘蛛,
117,池,
117,收录,
117,，,
117,谷歌,
117,站,
117,群,
117,推广,
117,引流,
117,等,
117,综合,
117,服务,
117,！,
117,ADID,
118,虚拟,
118,货币,
118,搬,
118,砖,
118,【,
118,TG,
118,@,B-contact
118,P8USTD,I-contact
118,】,
118,数字,
118,货币,
118,钱包,
118,app,
118,官方,
118,telegram,
118,频道,
118,kr,
119,菲律宾,
119,短信,
119,接收,
119,【,
119,飞机,
119,：,
119,,
119,kkk6687,B-contact
119,】,
119,g98956,
120,해,
120,외,
120,선,
120,물,
120,원,
120,리,
120,「,
120,텔,
120,레,
120,그,
120,램,
120,@,B-contact
120,us951,I-contact
120,」,
120,,
120,아,
120,시,
120,아,
120,퍼,
120,시,
120,픽,
120,15,
120,호,
120,,
120,신,
120,성,
120,이,
120,엔,
120,지,
120,>,
120,세,
120,신,
120,버,
120,팔,
120,로,
120,㋕,
120,삼,
120,호,
120,개,
120,발,
120,,
120,ゅ,
120,槪,
120,,
120,flavorless,
121,阿富汗,
121,google,
121,搜索,
121,留痕,
121,代發,
121,【,
121,TG,
121,電報,
121,：,
121,@,B-contact
121,trace88,I-contact
121,】,
121,【,
121,提供,
121,谷歌,
121,搜索,
121,留痕,
121,代發,
121,服務,
121,，,
121,快速,
121,收錄,
121,排名,
121,，,
121,效果,
121,強悍,
121,】,
121,.,
121,mvj.0729,
122,海外,
122,商城,
122,系统,
122,源码,
122,定制,
122,开发,
122,【,
122,TG,
122,飞机,
122,∶,
122,@,B-contact
122,UE4848,I-contact
122,】,
122,,
122,平台,
122,开发,
122,定制,
122,】,
122,海外,
122,商城,
122,系统,
122,源码,
122,定制,
122,开发,
122,【,
122,TG,
122,飞机,
122,∶,
122,@,B-contact
122,UE4848,I-contact
122,】,
122,,
122,平台,
122,开发,
122,定制,
122,】,
122,灼,
122,2o3d2q,
123,谷歌,
123,优化,
123,app,
123,推荐,
123,【,
123,TG,
123,飞机,
123,∶,
123,@,B-contact
123,liuhenbaping,I-contact
123,】,
123,googleseo,
123,推广,
123,，,
123,google,
123,搜索,
123,留痕,
123,收录,
123,，,
123,谷歌,
123,留痕,
123,站,
123,群,
123,程序,
123,，,
123,google,
123,留痕,
123,转码,
123,推广,
123,，,
123,google,
123,快速,
123,索引,
123,网站,
123,《,
123,TG,
123,飞机,
123,∶,
123,@,B-contact
123,liuhenbaping,I-contact
123,》,
123,google,
123,外贸,
123,推广,
123,谷歌,
123,推广,
123,全球,
123,广告投放,
123,霸屏,
123,收录,
123,】,
124,盗,
124,U,
124,无风险,
124,提示,
124,(,
124,TG,
124,飞机,
124,∶,
124,@,B-contact
124,jl9188,I-contact
124,),
124,平台,
124,搭建,
124,服务,
124,盗,
124,U,
124,秒,
124,U,
124,程序,
124,源码,
124,定做,
124,(,
124,TG,
124,飞机,
124,∶,
124,@,B-contact
124,jl9188,I-contact
124,),
124,【,
124,USDT,
124,】,
124,id,
125,v,
125,,
125,,
125,떨,
125,ㅡ,
125,텔,
125,레,
125,@,B-contact
125,dark12221,I-contact
125,ㅡ,
125,떨,
125,⧛,
125,떨,
125,⧭,
125,떨,
125,♯,
125,떨,
125,⧢,
125,떨,
125,:,
125,score,
125,-,
125,desc,
126,7,
126,双语,
126,互译,
126,【,
126,TG,
126,电报,
126,+,
126,@,B-contact
126,TWKF01,I-contact
126,】,
126,智能,
126,翻译,
126,专家,
126,.,
126,hrb,
127,陕西,
127,上门服务,
127,【,
127,小,
127,飞机,
127,@,B-contact
127,lz8858,I-contact
127,】,
127,陕西,
127,极速,
127,安排,
127,b12634,
128,赞比亚,
128,谷歌,
128,霸屏,
128,【,
128,飞机,
128,：,
128,kkk6687,B-contact
128,】,
128,赞比亚,
128,专业,
128,谷歌,
128,霸屏,
128,服务,
128,推广,
128,,
128,p16385,
129,万博,
129,体育,
129,怎么样,
129,?,
129,『,
129,谷歌,
129,留痕,
129,排名,
129,联系,
129,TG,O
129,@,B-contact
129,TGSEO2,I-contact
129,』,
129,.,
129,ac6usgwcq,
130,강,
130,남,
130,떨,
130,팝,
130,니,
130,다,
130,「,
130,ㅌ,
130,ㄹ,
130,@,B-contact
130,TOTOKUKU,I-contact
130,」,
130,강,
130,남,
130,허,
130,브,
130,팝,
130,니,
130,다,
130,≃,
130,허,
130,브,
130,팝,
130,니,
130,다,
130,㋃,
130,허,
130,브,
130,팝,
130,니,
130,다,
130,ↁ,
130,허,
130,브,
130,팝,
130,니,
130,다,
130,➤,
130,강,
130,남,
130,허,
130,브,
130,팝,
130,니,
130,다,
130,ᖰ,
130,떨,
130,팝,
130,니,
130,다,
131,搭建,
131,盘口,
131,联系,
131,【,
131,TG,
131,：,
131,@,B-contact
131,Ak881,I-contact
131,】,
132,whatsapp,
132,翻译,
132,词霸,
132,【,
132,TG,
132,电报,
132,@,B-contact
132,TWKF01,I-contact
132,】,
132,会话,
132,翻译,
132,软件,
132,.,
132,tob,
133,6,
133,허,
133,브,
133,팝,
133,니,
133,다,
133,『,
133,텔,
133,레,
133,@,B-contact
133,high6700,I-contact
133,』,
133,강,
133,남,
133,떨,
133,팝,
133,니,
133,다,
133,Ⅸ,
133,부,
133,여,
133,떨,
133,팝,
133,니,
133,다,
133,ꖺ,
133,부,
133,천,
133,허,
133,브,
133,팝,
133,니,
133,다,
133,⍢,
133,허,
133,브,
133,팝,
133,니,
133,다,
133,⎜,
133,부,
133,천,
133,허,
133,브,
133,팝,
133,니,
133,다,
133,＆,
133,부,
133,여,
133,떨,
133,팝,
133,니,
133,다,
134,搜索,
134,留痕,
134,培训,
134,【,
134,联系,
134,飞机,
134,：,
134,@,B-contact
134,lishengzhe,I-contact
134,】,
134,质量,
134,高,
134,！,
134,ADID,
135,a,
135,+,
135,통,
135,장,
135,삽,
135,니,
135,다,
135,매,
135,달,
135,300,
135,만,
135,지,
135,급,
135,【,
135,텔,
135,레,
135,@,B-contact
135,TJ5858,I-contact
135,】,
135,체,
135,크,
135,카,
135,드,
135,+,
135,아,
135,르,
135,바,
135,이,
135,트,
135,+,
135,집,
135,에,
135,서,
135,업,
135,무,
135,+,
135,재,
135,택,
135,근,
135,무,
135,+,
135,당,
135,일,
135,결,
135,제,
135,+,
135,단,
135,기,
135,알,
135,바,
135,+,
135,고,
135,수,
135,익,
135,보,
135,장,
136,毫州,
136,酒店,
136,配送,
136,【,
136,飞机,
136,@,B-contact
136,lz8858,I-contact
136,】,
136,专业,
136,毫州,
136,酒店,
136,配送,
136,极速,
136,h27448,
137,电报,
137,deepl,
137,翻译,
137,【,
137,TG,
137,电报,
137,@,B-contact
137,TWKF01,I-contact
137,】,
137,自助式,
137,翻译,
137,软件,
137,，,
137,仅,
137,需,
137,三步,
137,即可,
137,在线翻译,
137,",",
137,依托,
137,10,
137,年,
137,翻译,
137,经验,
137,专注,
137,为,
137,用户,
137,提供,
137,快速,
137,、,
137,专业,
137,、,
137,低价,
137,的,
137,翻译,
137,服务,
137,.,
137,zav,
138,8816,
138,知聊,
138,彩票,
138,代理,
138,【,
138,TG,
138,电报,
138,:,
138,@,B-contact
138,JJ456,I-contact
138,】,
138,平台,
138,私人,
138,定制,
138,.,
138,lfw,
139,蜘蛛,
139,池能,
139,提升,
139,【,
139,飞机,
139,：,
139,@,B-contact
139,lishengzhe,I-contact
139,】,
139,谷歌,
139,搜索,
139,霸屏,
139,推广,
139,，,
139,谷歌,
139,SEO,
139,优化,
139,排名,
139,，,
139,谷歌,
139,搜索,
139,留痕,
139,发外,
139,链,
139,引流,
139,等,
139,综合,
139,推广,
139,服务,
139,！,
139,ADIDLSZ7862483382,
140,a,
140,아,
140,이,
140,스,
140,삽,
140,니,
140,다,
140,《,
140,텔,
140,레,
140,그,
140,램,
140,,
140,WEEDOSAMA,B-contact
140,》,
140,떨,
140,팝,
140,니,
140,다,
140,≘,
140,아,
140,이,
140,스,
140,,
140,팝,
140,니,
140,다,
140,┕,
140,아,
140,이,
140,스,
140,삽,
140,니,
140,다,
140,⎑,
140,아,
140,이,
140,스,
140,팝,
140,니,
140,다,
140,…,
140,떨,
140,,
140,팝,
140,니,
140,다,
141,国内,
141,信息流,
141,广告投放,
141,【,
141,飞机,
141,:,
141,kkk6681,B-contact
141,】,
141,d83412,
142,直布罗陀,
142,谷歌,
142,霸屏,
142,【,
142,飞机,
142,：,
142,kkk6687,B-contact
142,】,
142,直布罗陀,
142,专业,
142,谷歌,
142,霸屏,
142,服务,
142,推广,
142,,
142,275252,
143,바,
143,이,
143,낸,
143,스,
143,rsi,
143,ꏯ,
143,+,
143,【,
143,+,
143,캬,
143,툑,
143,상,
143,댬,
143,+,
143,Z9999,
143,+,
143,】,
143,+,
143,동,
143,아,
143,화,
143,성,
143,주,
143,가,
143,전,
143,망,
143,because,
143,휴,
143,페,
143,이,
143,엑,
143,스,
143,선,
143,물,
143,거,
143,래,
143,ｔ,
143,코,
143,스,
143,피,
143,+,
143,주,
143,식,
143,walking,
143,+,
143,토,
143,리,
143,움,
143,선,
143,물,
143,거,
143,래,
143,ᘵ,
143,한,
143,미,
143,약,
143,품,
143,주,
143,가,
143,전,
143,망,
143,ꍩ,
143,LG,
143,이,
143,노,
143,텍,
143,주,
143,가,
143,전,
143,망,
143,ᔴ,
143,へ,
143,바,
143,나,
143,나,
143,톡,
143,선,
143,물,
143,거,
143,래,
143,quit,
144,目录,
144,蜘蛛,
144,池,
144,【,
144,联系,
144,TG,
144,电报,
144,飞机,
144,：,
144,@,B-contact
144,lishengzhe,I-contact
144,】,
144,ADID,
144,+,
144,2.24E+99,
145,莫桑比克,
145,谷歌,
145,霸屏,
145,【,
145,飞机,
145,：,
145,kkk6687,B-contact
145,】,
145,莫桑比克,
145,专业,
145,谷歌,
145,霸屏,
145,服务,
145,推广,
145,,
145,n48348,
146,株洲,
146,google,
146,推广,
146,【,
146,小,
146,飞机,
146,：,
146,sms10666,B-contact
146,】,
146,B21366,
147,色,
147,关键词,
147,词代,
147,做,
147,排名,
147,-,
147,搜,
147,TG,
147,【,
147,GLSSEO,B-contact
147,】,
147,关键词,
147,排名,
147,网站,
147,.,
147,woc,
148,马尼拉,
148,专业,
148,短信,
148,【,
148,Telegram,
148,:,
148,@,B-contact
148,kkk6681,I-contact
148,】,
148,马尼拉,
148,专业,
148,短信,
148,专业,
148,团队,
148,f72138,
149,脸书,
149,日文,
149,翻译,
149,【,
149,联系,
149,飞机,
149,@,B-contact
149,TWKF01,I-contact
149,】,
149,200,
149,种,
149,语言,
149,互译,
149,，,
149,沟通,
149,全世界,
149,.,
149,xvq,
150,巴哈马,
150,首页,
150,霸屏,
150,【,
150,小,
150,飞机,
150,：,
150,sms10666,B-contact
150,】,
150,t43312,
151,瓦努阿图,
151,流量,
151,卡,
151,【,
151,TG,
151,飞机,
151,∶,
151,@,B-contact
151,kk9258,I-contact
151,】,
151,内部,
151,引粉,
151,∶,
151,最新,
151,资料,
151,】,
151,加納,
151,群发短信,
151,【,
151,TG,
151,电报,
151,∶,
151,@,B-contact
151,kk9258,I-contact
151,】,
151,内部,
151,渠道,
151,∶,
151,大量,
151,有,
151,货,
151,】,
151,顑,
151,桡,
151,wnt,
152,世界,
152,金融,
152,现状,
152,『,
152,谷歌,
152,站,
152,群,
152,排名,
152,联系,
152,TG,
152,@,B-contact
152,ehseo6,I-contact
152,』,
152,.,
152,cg8q08iyo,
153,情感,
153,咨询,
153,推广,
153,【,
153,飞机,
153,：,
153,@,B-contact
153,lishengzhe,I-contact
153,】,
153,谷歌,
153,搜索,
153,霸屏,
153,推广,
153,，,
153,谷歌,
153,SEO,
153,优化,
153,排名,
153,，,
153,谷歌,
153,搜索,
153,留痕,
153,发外,
153,链,
153,引流,
153,等,
153,综合,
153,推广,
153,服务,
153,！,
153,ADIDLSZ1443224945,
154,维尔京群岛,
154,谷歌,
154,留痕,
154,排名,
154,【,
154,TG,
154,电报,
154,∶,
154,e10838,B-contact
154,】,
154,专业,
154,推广,
154,，,
154,快速,
154,收录,
154,排名,
154,.,
154,vjh.0628,
155,全球,
155,邮箱,
155,购买,
155,【,
155,电报,
155,飞机,
155,∶,
155,telegram,
155,_,
155,频道,
155,∶,
155,@,B-contact
155,bailufaka,I-contact
155,】,
155,购买,
155,出售,
155,各类,
155,平台,
155,账号,
155,卡号,
155,ID,
155,】,
155,郏县,
155,.,
155,广汉,
155,丨,
155,双鸭山,
155,尖山区,
155,.,
155,久治县,
155,_,
155,bE,
156,515,
156,谷歌,
156,搜索,
156,留痕,
156,【,
156,飞机,
156,：,
156,@,B-contact
156,lishengzhe,I-contact
156,】,
156,google,
156,留痕,
156,收录,
156,，,
156,外链,
156,推广,
156,以及,
156,美食,
156,排名,
156,网站,
156,服务,
156,！,
156,AD100456171,
157,兰州,
157,附近,
157,按摩,
157,【,
157,飞机,
157,@,B-contact
157,lz8858,I-contact
157,】,
157,专业,
157,兰州,
157,附近,
157,按摩,
157,极速,
157,e77824,
158,丽江,
158,google,
158,推广,
158,【,
158,小,
158,飞机,
158,：,
158,sms10666,B-contact
158,】,
158,N65725,
159,tiktok,
159,美英,
159,翻译,
159,【,
159,联系,
159,飞机,
159,+,
159,@,B-contact
159,TWKF01,I-contact
159,+,
159,】,
159,.,
159,iqr,
160,eth,
160,节点,
160,服务器,
160,【,
160,TG,
160,电报,
160,:,
160,@,B-contact
160,liuhenbaping,I-contact
160,】,
160,哪個,
160,外貿,
160,推廣平,
160,臺,
160,好,
160,【,
160,TG,
160,飞机,
160,:,
160,@,B-contact
160,liuhenbaping,I-contact
160,】,
160,自,
160,媒体,
160,竞价,
160,开户,
160,【,
160,Telegram,
160,:,
160,@,B-contact
160,liuhenbaping,I-contact
160,】,
160,百人,
160,牛牛,
160,官方,
160,登录,
160,德甲,
160,买球,
160,下载,
160,网址,
160,华,
160,体会,
160,体育,
160,电竞,
161,【,
161,☀,
161,天歌,
161,TG,
161,：,
161,tiangeweiyizhanghao,B-contact
161,_,I-contact
161,66666,I-contact
161,_,I-contact
161,6,I-contact
161,】,
161,telegram,
161,营销,
161,协议,
161,电报,
161,营销,
161,软件,
161,群发,
161,营销,
161,私信,
161,软件,
161,.,
161,tvg.1008,
162,印度,
162,新冠,
162,肺炎,
162,疫情,
162,数据,
162,【,
162,飞机,
162,:,
162,kkk6681,B-contact
162,】,
162,c95544,
163,crisp,
163,即时,
163,翻译,
163,【,
163,TG,
163,电报,
163,@,B-contact
163,TWKF01,I-contact
163,】,
163,全世界,
163,最,
163,准确,
163,的,
163,翻译,
163,.,
163,unt,
164,섹,
164,스,
164,녀,
164,와,
164,폰,
164,팅,
164,●,
164,Ò,
164,5,
164,Ò,
164,4,
164,＝,
164,Ò,
164,965,
164,＝,
164,8282,
164,●,
164,諂,
164,구,
164,미,
164,폰,
164,팅,
164,凮,
164,구,
164,미,
164,랜,
164,챗,
164,№,
164,구,
164,미,
164,기,
164,혼,
164,邜,
164,쎅,
164,녀,
164,모,
164,임,
164,♋,
164,indefinite,
165,加纳,
165,虛擬,
165,貨幣,
165,盤源碼,
165,開發,
165,【,
165,TG,
165,电报,
165,∶,
165,@,B-contact
165,FF7576,I-contact
165,】,
165,平台,
165,包网,
165,开发,
165,】,
165,秘鲁,
165,跑,
165,分,
165,交易平台,
165,网络,
165,搭建,
165,【,
165,TG,
165,电报,
165,∶,
165,@,B-contact
165,FF7576,I-contact
165,】,
165,平台,
165,私人,
165,定制,
165,】,
165,8bf1r713h,
166,I,
166,,
166,찌,
166,라,
166,시,
166,광,
166,고,
166,《,
166,О,
166,1,
166,О,
166,▬,
166,4898,
166,▬,
166,9636,
166,》,
166,,
166,찌,
166,라,
166,시,
166,홍,
166,보,
166,,
166,찌,
166,라,
166,시,
166,마,
166,케,
166,팅,
166,◀,
166,찌,
166,라,
166,시,
166,바,
166,이,
166,럴,
166,⒪,
166,동,
166,계,
166,면,
166,찌,
166,라,
166,시,
166,,
166,Wqf,
167,爱博,
167,体育,
167,网址,
167,『,
167,谷歌,
167,排名,
167,联系,
167,TG,
167,@,B-contact
167,ehseo6,I-contact
167,』,
167,.,
167,5pt5zrnfz,
168,冰岛,
168,谷歌,
168,霸屏,
168,优化,
168,【,
168,TG,
168,电报,
168,:,
168,@,B-contact
168,bapingseo,I-contact
168,】,
168,外贸,
168,营销,
168,主页,
168,推广,
168,【,
168,TG,
168,飞机,
168,:,
168,@,B-contact
168,bapingseo,I-contact
168,】,
168,海外,
168,谷歌,
168,推廣,
168,和,
168,社交,
168,媒體,
168,推廣,
168,工作,
168,【,
168,Telegram,
168,:,
168,@,B-contact
168,bapingseo,I-contact
168,】,
168,美高梅,
168,优惠,
168,大厅,
168,万炮,
168,捕鱼,
168,试玩,
168,网址,
168,亚博,
168,体育,
168,首页,
168,网址,
168,专业,
168,破解,
168,pk,
168,拾,
168,软件,
169,60,
169,폰,
169,팅,
169,『,
169,60,
169,-,
169,903,
169,-,
169,404,
169,』,
169,24,
169,시,
169,간,
169,전,
169,국,
169,폰,
169,팅,
169,�,
169,끊,
169,다,
169,✖,
169,비,
169,밀,
169,대,
169,화,
169,폰,
169,팅,
169,ኔ,
169,익,
169,산,
169,폰,
169,팅,
170,阿尔及利亚,
170,google,
170,推广,
170,【,
170,小,
170,飞机,
170,：,
170,sms10666,B-contact
170,】,
170,P24434,
171,谷歌,
171,搜索,
171,留痕,
171,推广,
171,引流,
171,【,
171,飞机,
171,：,
171,@,B-contact
171,lishengzhe,I-contact
171,】,
171,google,
171,蜘蛛,
171,池,
171,+,
171,google,
171,搜索,
171,收录,
171,+,
171,google,
171,搜索,
171,留痕,
171,蜘蛛,
171,池,
171,以及,
171,2020,
171,泛,
171,目录,
171,等,
171,业务,
171,服务,
171,！,
171,AD,
171,+,
171,2022081619,
172,卢森堡,
172,外贸,
172,推广,
172,【,
172,小,
172,飞机,
172,：,
172,sms10666,B-contact
172,】,
172,U88395,
173,幸运,
173,飞艇,
173,开奖,
173,【,
173,飞机,
173,：,
173,@,B-contact
173,lishengzhe,I-contact
173,】,
173,谷歌,
173,推广,
173,，,
173,谷歌发,
173,信息,
173,等,
173,引流,
173,推广,
173,服务,
173,！,
173,ADID43525,
174,香港,
174,排名,
174,服务,
174,【,
174,小,
174,飞机,
174,：,
174,sms10666,B-contact
174,】,
174,r57813,
175,pensyarah,
175,,
175,sambilan,
175,,
175,ikmasTG,
175,:,
175,@,B-contact
175,UP,I-contact
175,_,I-contact
175,UP,I-contact
175,_,I-contact
175,7,I-contact
175,】,
175,sUf,
176,3,
176,粉大,
176,咖引戰,
176,【,
176,telegram,
176,∶,
176,@,B-contact
176,AK5537,I-contact
176,】,
176,代,
176,google,
176,竞价,
176,开户,
176,推广,
176,专业,
176,】,
176,数字,
176,币,
176,程序,
176,定制,
176,【,
176,TG,
176,电报,
176,∶,
176,@,B-contact
176,AK5537,I-contact
176,】,
176,googleseo,
176,开户,
176,推广,
176,包,
176,上,
176,】,
176,bn29ejc1t,
177,肥城,
177,云,
177,服务器,
177,存储,
177,【,
177,telegram,
177,∶,
177,@,B-contact
177,AK6793,I-contact
177,】,
177,亞馬遜,
177,服務器,
177,租用,
177,：,
177,安全,
177,穩定,
177,】,
177,重慶市,
177,分布式,
177,服務器,
177,雲,
177,服務器,
177,【,
177,TG,
177,飞机,
177,∶,
177,@,B-contact
177,AK6793,I-contact
177,】,
177,亚马逊,
177,云,
177,服务器,
177,租赁,
177,：,
177,价格,
177,实惠,
177,】,
177,vycmpii7x,
178,P,
178,图,
178,阿富汗,
178,签证,
178,P,
178,图,
178,【,
178,telegram,
178,∶,
178,@,B-contact
178,ak3768,I-contact
178,】,
178,外国,
178,定做,
178,证件,
178,∶,
178,营业执照,
178,∶,
178,一手,
178,货源,
178,】,
178,办,
178,营业,
178,证实,
178,件,
178,【,
178,telegram,
178,∶,
178,@,B-contact
178,ak3768,I-contact
178,】,
178,全球,
178,证件,
178,∶,
178,ID,
178,∶,
178,安全可靠,
178,】,
178,c7y5p1j97,
179,临汾,
179,忻州,
179,大同,
179,运城,
179,七星,
179,棋牌,
179,定制,
179,【,
179,TG,
179,电报,
179,:,
179,@,B-contact
179,JJ456,I-contact
179,】,
179,平台,
179,定制,
179,开发,
179,.,
179,mna,
180,几内亚比绍,
180,youtube,
180,开户,
180,【,
180,TG,
180,飞机,
180,∶,
180,@,B-contact
180,AK5537,I-contact
180,】,
180,+,
180,youtube,
180,+,
180,ads,
180,+,
180,price,
180,+,
180,per,
180,+,
180,view,
180,+,
180,】,
180,youtube,
180,广告,
180,很多,
180,【,
180,TG,
180,飞机,
180,∶,
180,@,B-contact
180,XK5537,I-contact
180,】,
180,+,
180,緬甸,
180,支付,
180,通道,
180,+,
180,】,
180,谷歌,
180,競價系統,
180,教程,
180,【,
180,TG,
180,电报,
180,∶,
180,@,B-contact
180,AK5537,I-contact
180,】,
180,+,
180,科摩罗,
180,facebook,
180,竞价,
180,+,
180,】,
180,9kc1m31py,
181,querya,
181,,
181,풀,
181,싸,
181,롱,
181,상,
181,단,
181,작,
181,업,
181,{,
181,텔,
181,레,
181,,
181,@,B-contact
181,UY454,I-contact
181,},
181,,
181,풀,
181,싸,
181,롱,
181,구,
181,글,
181,,
181,풀,
181,싸,
181,롱,
181,광,
181,고,
181,▪,
181,풀,
181,싸,
181,롱,
181,홍,
181,보,
181,㋋,
181,옥,
181,천,
181,동,
181,풀,
181,싸,
181,롱,
181,,
181,Axj,
182,土库曼斯坦,
182,youtube,
182,推广,
182,【,
182,TG,
182,：,
182,KKK6687,B-contact
182,】,
182,V31966,
183,海曙,
183,上门,
183,资源,
183,【,
183,飞机,
183,@,B-contact
183,lz8858,I-contact
183,】,
183,专业,
183,海曙,
183,上门,
183,资源,
183,极速,
183,L44149,
184,哈希,
184,【,
184,飞机,
184,：,
184,@,B-contact
184,lishengzhe,I-contact
184,】,
184,google,
184,推广,
184,，,
184,谷歌发,
184,信息,
184,等,
184,引流,
184,推广,
184,服务,
184,！,
184,ADID64634,
185,zalo,
185,外卖,
185,翻译,
185,【,
185,联系,
185,飞机,
185,@,B-contact
185,TWKF01,I-contact
185,】,
185,使用,
185,实时,
185,翻译,
185,语音,
185,或,
185,文字,
185,.,
185,ljw,
186,萨尔瓦多,
186,推广,
186,服务,
186,【,
186,小,
186,飞机,
186,：,
186,sms10666,B-contact
186,】,
186,G47248,
187,博彩,
187,牌照,
187,【,
187,TG,
187,飞机,
187,@,B-contact
187,ku5452,I-contact
187,】,
187,豹子,
187,赌博,
187,推广,
187,引流,
187,【,
187,TG,
187,飞机,
187,@,B-contact
187,ku5452,I-contact
187,】,
187,2018,
187,世界杯,
187,博彩,
188,im,
188,即时通讯,
188,系统,
188,开发,
188,【,
188,chaoseo,
188,代发,
188,,
188,TG,
188,电报,
188,:,
188,@,B-contact
188,sup9978,I-contact
188,】,
188,dy,
188,+,
188,dhcd9753,
189,덕,
189,암,
189,동,
189,역,
189,립,
189,알,
189,까,
189,시,
189,똥,
189,까,
189,시,
189,╄,
189,+,
189,【,
189,ㅋ,
189,r,
189,톡,
189,X0000,
189,】,
189,【,
189,텔,
189,레,
189,SEX486,B-contact
189,】,
189,+,
189,benerror,
189,+,
189,〓,
189,ꍲ,
189,thrown,
189,+,
189,덕,
189,암,
189,동,
189,역,
189,립,
189,알,
189,까,
189,시,
189,똥,
189,까,
189,시,
189,ㅫ,
190,absolute,
190,,
190,best,
190,,
190,indicator,
190,,
190,for,
190,,
190,forex,
190,,
190,trade,
190,【,
190,TG,
190,:,
190,@,B-contact
190,vip4fx,I-contact
190,】,
190,【,
190,is,
190,,
190,aud,
190,,
190,chf,
190,,
190,a,
190,,
190,good,
190,,
190,pair,
190,,
190,to,
190,,
190,trade,
190,,
190,forex,
190,，,
190,jhon,
190,,
190,martinez,
190,,
190,forex,
190,,
190,trader,
190,，,
190,bot,
190,,
190,that,
190,,
190,trades,
190,,
190,stock,
190,,
190,options,
190,,
190,crypto,
190,,
190,forex,
190,，,
190,forex,
190,,
190,brokers,
190,,
190,that,
190,,
190,trade,
190,,
190,bitcoin,
190,《,
190,TG,
190,:,
190,@,B-contact
190,vip4fx,I-contact
190,》,
190,how,
190,,
190,many,
190,,
190,hours,
190,,
190,a,
190,,
190,day,
190,,
190,does,
190,,
190,forex,
190,,
190,trade,
190,】,
190,youngest,
190,,
190,forex,
190,,
190,trader,
190,,
190,millionaire,
191,322,
191,谷歌,
191,搜索,
191,留痕,
191,【,
191,飞机,
191,：,
191,@,B-contact
191,lishengzhe,I-contact
191,】,
191,google,
191,留痕,
191,收录,
191,，,
191,外链,
191,推广,
191,以及,
191,搜索,
191,网站,
191,收录,
191,服务,
191,！,
191,AD100457697,
192,搜狗,
192,泛,
192,目录,
192,站,
192,群,
192,源码,
192,联系,
192,《,
192,飞机,
192,:,
192,@,B-contact
192,lishengzhe,I-contact
192,》,
192,搜狗,
192,泛,
192,目录,
192,站,
192,群,
192,源码,
192,信誉,
192,好,
192,，,
192,效率高,
192,，,
192,值得,
192,信赖,
192,！,
192,adid,
192,+,
192,4.86E+199,
193,谷歌,
193,搜索,
193,留痕,
193,【,
193,飞机,
193,：,
193,@,B-contact
193,lishengzhe,I-contact
193,】,
193,google,
193,搜索,
193,留痕,
193,代发,
193,，,
193,谷歌,
193,蜘蛛,
193,池,
193,收录,
193,，,
193,谷歌,
193,站,
193,群,
193,推广,
193,引流,
193,等,
193,综合,
193,服务,
193,！,
193,ADID,
194,천,
194,안,
194,동,
194,남,
194,구,
194,홈,
194,런,
194,《,
194,텔,
194,레,
194,그,
194,램,
194,@,B-contact
194,SECS4,I-contact
194,》,
194,텔,
194,레,
194,그,
194,램,
194,@,B-contact
194,SECS4,I-contact
194,,
194,천,
194,안,
194,동,
194,남,
194,구,
194,교,
194,제,
194,,
194,천,
194,안,
194,동,
194,남,
194,구,
194,폰,
194,섹,
194,어,
194,플,
194,¤,
194,천,
194,안,
194,동,
194,남,
194,구,
194,유,
194,부,
194,㈬,
194,천,
194,안,
194,동,
194,남,
194,구,
194,애,
194,인,
194,대,
194,행,
194,,
194,ろ,
194,麴,
194,,
194,principal,
195,菲律宾,
195,sabong,
195,数据,
195,【,
195,小,
195,飞机,
195,：,
195,@,B-contact
195,kkk6687,I-contact
195,】,
195,各种,
195,热门,
195,BC,
195,数据,
195,，,
195,博彩,
195,数据,
195,，,
195,谷歌,
195,霸屏,
195,服务,
195,x58775,
196,丹东,
196,搜索引擎,
196,优化,
196,【,
196,联系,
196,TG,
196,电报,
196,飞机,
196,：,
196,@,B-contact
196,lishengzhe,I-contact
196,】,
196,ADID,
196,+,
196,8.32E+99,
197,imtoken,
197,,
197,怎么,
197,退出,
197,【,
197,TG,
197,@,B-contact
197,P8USTD,I-contact
197,】,
197,数字,
197,货币,
197,钱包,
197,app,
197,官方,
197,telegram,
197,频道,
197,sa,
198,哪里,
198,买,
198,签证,
198,实件,
198,【,
198,TG,
198,飞机,
198,∶,
198,@,B-contact
198,ak3768,I-contact
198,】,
198,各个,
198,国家,
198,定制,
198,证件,
198,∶,
198,身份证,
198,∶,
198,一手,
198,货源,
198,】,
198,办,
198,澳大利,
198,亞,
198,工商,
198,营业执照,
198,多少,
198,钱,
198,【,
198,telegr,
199,国外,
199,服务器,
199,地,
199,【,
199,飞机,
199,：,
199,@,B-contact
199,lishengzhe,I-contact
199,】,
199,谷歌,
199,搜索,
199,霸屏,
199,推广,
199,，,
199,谷歌,
199,SEO,
199,优化,
199,排名,
199,，,
199,谷歌,
199,搜索,
199,留痕,
199,发外,
199,链,
199,引流,
199,等,
199,综合,
199,推广,
199,服务,
199,！,
199,ADIDLSZ6343447673,
200,搜索,
200,留痕,
200,排名,
200,-,
200,虎,
200,扑,
200,【,
200,飞机,
200,：,
200,@,B-contact
200,kkk6681,I-contact
200,】,
200,搜索,
200,留痕,
200,排名,
200,-,
200,虎,
200,扑,
200,最,
200,牛,
200,团队,
200,,
200,全球,
200,资源,
200,,
200,欢迎,
200,咨询,
200,I51766,
201,创投,
201,基金,
201,私募,
201,基金,
201,差异,
201,【,
201,TG,
201,:,
201,@,B-contact
201,JJ456,I-contact
201,】,
201,平台,
201,源码,
201,搭建,
201,开发包,
201,网,
201,.,
201,bgo,
202,nh,
202,à,
202,+,
202,c,
202,á,
202,i,
202,+,
202,l,
202,ô,
202,+,
202,đ,
202,ề,
202,+,
202,l,
202,ừ,
202,a,
202,+,
202,đ,
202,ả,
202,o,
202,+,
202,【,
202,Telegram,
202,∶,
202,@,B-contact
202,KK6638,I-contact
202,】,
202,D,
202,Ạ,
202,Y,
202,+,
202,KI,
202,Ế,
202,M,
202,+,
202,TI,
202,Ề,
202,N,
202,+,
202,ONLINE,
202,【,
202,cach,
202,+,
202,kiem,
202,+,
202,tien,
202,+,
202,on,
202,+,
202,dinh,
202,+,
202,nhat,
202,】,
202,【,
202,Telegram,
202,∶,
202,@,B-contact
202,KK6638,I-contact
202,】,
202,D,
202,Ạ,
202,Y,
202,+,
202,KI,
202,Ế,
202,M,
202,+,
202,TI,
202,Ề,
202,N,
202,+,
202,ONLINEtvw,
203,증,
203,권,
203,DB,
203,판,
203,매,
203,,
203,【,
203,ㅌ,
203,그,
203,램,
203,,
203,godb79,B-contact
203,】,
203,,
203,증,
203,권,
203,디,
203,비,
203,,
203,증,
203,권,
203,DB,
203,업,
203,체,
203,,
203,증,
203,권,
203,DB,
203,업,
203,체,
203,,
203,영,
203,업,
203,디,
203,비,
203,구,
203,매,
204,좌,
204,담,
204,회,
204,[,
204,텔,
204,레,
204,그,
204,램,
204,+,
204,jinte666,B-contact
204,],
204,마,
204,진,
204,+,
204,트,
204,레,
204,이,
204,드,
204,ї,
204,레,
204,버,
204,리,
204,지,
204,+,
204,미,
204,드,
204,+,
204,|,
204,+,
204,이,
204,더,
204,리,
204,움,
204,시,
204,세,
205,西班牙,
205,谷歌,
205,搜索,
205,留痕,
205,接单,
205,【,
205,TG,
205,电报,
205,：,
205,@,B-contact
205,trace88,I-contact
205,】,
205,【,
205,提供,
205,谷歌,
205,搜索,
205,留痕,
205,代发,
205,服务,
205,，,
205,快速,
205,收录,
205,排名,
205,，,
205,效果,
205,强悍,
205,】,
205,.,
205,wdt.0812,
206,澳门,
206,首页,
206,霸屏,
206,【,
206,小,
206,飞机,
206,：,
206,KKK6687,B-contact
206,】,
206,H92657,
207,【,
207,TG,
207,:,
207,@,B-contact
207,seohelper89,I-contact
207,】,
207,AP,
207,,
207,NEWS,
207,｜,
207,PR,
207,,
207,NEWSWIRE,
207,｜,
207,YAHOO,
207,,
207,NEWS,
207,｜,
207,PRESS,
207,,
207,RELEASE,
207,.,
207,czl,
208,forex,
208,,
208,market,
208,,
208,sessions,
208,【,
208,TG,
208,:,
208,vip4fx,B-contact
208,】,
208,【,
208,forex,
208,,
208,trading,
208,,
208,time,
208,，,
208,fx,
208,-,
208,9a,
208,,
208,transceiver,
208,，,
208,news,
208,,
208,examiner,
208,,
208,connersville,
208,，,
208,metatrader,
208,,
208,5,
208,,
208,android,
208,《,
208,TG,
208,:,
208,vip4fx,B-contact
208,》,
208,login,
208,,
208,mt4,
208,,
208,fbs,
208,】,
208,gdb,
208,,
208,share,
208,,
208,price,
209,,
209,통,
209,장,
209,삽,
209,니,
209,다,
209,매,
209,달,
209,300,
209,만,
209,지,
209,급,
209,【,
209,텔,
209,레,
209,그,
209,램,
209,,
209,TJ5844,B-contact
209,】,
209,체,
209,크,
209,카,
209,드,
209,,
209,악,
209,녀,
209,알,
209,바,
209,,
209,개,
209,인,
209,통,
209,장,
209,팝,
209,니,
209,다,
209,,
209,대,
209,출,
209,,
209,개,
209,인,
209,장,
209,구,
209,매,
209,,
209,체,
209,크,
209,카,
209,드,
209,임,
209,대,
209,,
209,즉,
209,시,
209,지,
209,급,
210,2,
210,천,
210,안,
210,엘,
210,팝,
210,니,
210,다,
210,【,
210,텔,
210,레,
210,,
210,djsoda69,B-contact
210,】,
210,안,
210,양,
210,허,
210,브,
210,액,
210,상,
210,팝,
210,니,
210,다,
210,⎪,
210,강,
210,남,
210,떨,
210,팝,
210,니,
210,다,
210,ꎕ,
210,서,
210,울,
210,LSD,
210,팝,
210,니,
210,다,
210,⎨,
210,안,
210,양,
210,케,
210,이,
210,팝,
210,니,
210,다,
211,실,
211,시,
211,간,
211,대,
211,출,
211,db,
211,,
211,【,
211,텔,
211,그,
211,,
211,godb79,B-contact
211,】,
211,,
211,대,
211,출,
211,디,
211,비,
211,,
211,㍝,
211,,
211,대,
211,출,
211,원,
211,단,
211,디,
211,비,
211,판,
211,매,
211,,
211,대,
211,출,
211,db,
211,판,
211,매,
211,,
211,⑸,
211,,
211,신,
211,용,
211,DB,
211,업,
211,체,
212,elektronik,
212,,
212,best,
212,ü,
212,ckungTG,
212,:,
212,@,B-contact
212,UP,I-contact
212,_,I-contact
212,UP,I-contact
212,_,I-contact
212,7,I-contact
212,】,
212,wbM,
213,怎样,
213,查看,
213,老公,
213,删掉,
213,的,
213,聊天记录,
213,【,
213,飞机,
213,@,B-contact
213,lz8858,I-contact
213,】,
213,专业,
213,怎样,
213,查看,
213,老公,
213,删掉,
213,的,
213,聊天记录,
213,极速,
213,J65113,
214,『,
214,Telegram,
214,:,
214,+,
214,@,B-contact
214,PrincePay,I-contact
214,』,
214,PG,
214,+,
214,Bank,
214,手机,
214,付款,
214,.,
214,sog,
215,『,
215,Telegram,
215,:,
215,+,
215,@,B-contact
215,PrincePay,I-contact
215,』,
215,May-88,
215,+,
215,VN,
215,+,
215,k,
215,ê,
215,nh,
215,+,
215,thanh,
215,+,
215,to,
215,á,
215,n,
215,+,
215,api,
215,.,
215,wdl,
216,TikTok,
216,信息流,
216,广告,
216,【,
216,飞机,
216,:,
216,kkk6681,B-contact
216,】,
216,O55821,
217,【,
217,☀,
217,天歌,
217,TG,
217,：,
217,tiangeweiyizhanghao,B-contact
217,_,I-contact
217,66666,I-contact
217,_,I-contact
217,6,I-contact
217,】,
217,全自动,
217,telegram,
217,营销,
217,软件,
217,拓客,
217,软件,
217,提高,
217,曝光率,
217,.,
217,gou.1009,
218,tiktok,
218,谷歌,
218,翻译,
218,【,
218,联系,
218,飞机,
218,@,B-contact
218,TWKF01,I-contact
218,】,
218,将,
218,文字,
218,翻译,
218,为,
218,不同,
218,语言,
218,.,
218,nis,
219,微信,
219,怎么,
219,看,
219,和,
219,某人,
219,的,
219,红包,
219,记录,
219,【,
219,飞机,
219,@,B-contact
219,lz8858,I-contact
219,】,
219,专业,
219,微信,
219,怎么,
219,看,
219,和,
219,某人,
219,的,
219,红包,
219,记录,
219,极速,
219,O67175,
220,ins,
220,汉译英,
220,【,
220,联系,
220,飞机,
220,@,B-contact
220,TWKF01,I-contact
220,】,
220,英语,
220,日语,
220,多语种,
220,翻译,
220,.,
220,clx,
221,海象,
221,腾讯,
221,翻译,
221,【,
221,纸飞机,
221,@,B-contact
221,TWKF01,I-contact
221,】,
221,英语,
221,日语,
221,多语种,
221,翻译,
221,.,
221,pty,
222,Lesotho,
222,支付,
222,通道,
222,【,
222,复制,
222,加,
222,飞机,
222,：,
222,kkk6687,B-contact
222,】,
222,Lesotho,
222,银行卡,
222,,
222,四件套,
222,j75525,
223,菲律宾,
223,dito,
223,短信,
223,【,
223,Telegram,
223,:,
223,@,B-contact
223,kkk6681,I-contact
223,】,
223,菲律宾,
223,dito,
223,短信,
223,专业,
223,团队,
223,B59224,
224,乌克兰,
224,直招,
224,,
224,BOB,
224,直招,
224,,
224,,
224,【,
224,小,
224,飞机,
224,∶,
224,@,B-contact
224,jane0517,I-contact
224,】,
224,BOB,
224,集团,
224,直招,
224,∶,
224,jane,
224,】,
224,业界,
224,前,
224,三,
224,正规,
224,体育,
224,公司,
224,，,
224,男女,
224,不,
224,限,
224,，,
224,岗位,
224,多多,
224,】,
224,q66298,
225,kakao,
225,外国,
225,社交,
225,【,
225,TG,
225,电报,
225,@,B-contact
225,TWKF01,I-contact
225,】,
225,基于,
225,聊天,
225,软件,
225,研发,
225,的,
225,实时,
225,自动,
225,翻译,
225,助手,
225,，,
225,支持,
225,多达,
225,200,
225,+,
225,个,
225,语种,
225,与,
225,中文,
225,互译,
225,.,
225,onm,
226,qq,
226,群,
226,推广,
226,营销,
226,Q3425748006,
226,颜,
226,lEI,
227,【,
227,┃,
227,信誉,
227,4641,
227,⒍,
227,⒏,
227,5,
227,(,
227,扣,
227,),
227,】,
227,】,
227,快乐,
227,八,
227,开奖号码,
228,【,
228,┃,
228,信誉,
228,2,
228,⒏,
228,7,
228,⒏,
228,1705,
228,扣,
228,),
228,】,
228,】,
228,恒达,
228,线路,
228,测试,
229,华宇,
229,自动,
229,投注,
229,软件,
229,【,
229,┋,
229,好,
229,计划,
229,2,
229,⒏,
229,7,
229,⒏,
229,1705,
229,{,
229,扣,
229,〓,
229,】,
230,杏彩,
230,装修,
230,app,
230,下载,
230,【,
230,┋,
230,市场部,
230,217,
230,⒋,
230,31,
230,[,
230,扣,
230,],
230,〓,
230,】,
231,如何,
231,让,
231,谷歌,
231,收录,
231,我,
231,的,
231,网站,
231,【,
231,QQ,
231,:,
231,21630616,
231,】,
231,【,
231,提供,
231,谷歌,
231,搜索,
231,留痕,
231,代发,
231,服务,
231,，,
231,快速,
231,收录,
231,排名,
231,，,
231,欢迎,
231,咨询,
231,】,
231,.,
231,rxq.0926,
232,杏彩,
232,那个,
232,才,
232,是,
232,真,
232,【,
232,┋,
232,联系,
232,46,
232,⒋,
232,1,
232,⒍,
232,85,
232,(,
232,扣,
232,),
232,〓,
232,】,
233,법,
233,인,
233,장,
233,삽,
233,니,
233,다,
233,(,
233,도,
233,배,
233,홍,
233,보,
233,),
233,텔,
233,레,
233,KQQ77,B-contact
233,),
233,법,
233,인,
233,장,
233,집,
233,대,
233,여,
233,✖,
233,법,
233,인,
233,장,
233,직,
233,거,
233,래,
233,☪,
233,법,
233,인,
233,장,
233,삽,
233,니,
233,다,
233,☪,
233,법,
233,인,
233,장,
233,삽,
233,니,
233,다,
233,☪,
233,법,
233,인,
233,장,
233,삽,
233,니,
233,다,
234,옥,
234,시,
234,메,
234,토,
234,론,
234,,
234,판,
234,매,
234,®,
234,톡,
234,ci99,
234,텔,
234,레,
234,KQQ77,B-contact
234,서,
234,스,
234,펜,
234,션,
234,,
234,가,
234,격,
234,■,
234,프,
234,로,
234,피,
234,오,
234,네,
234,이,
234,트,
234,,
234,나,
234,무,
234,위,
234,키,
234,℃,
234,프,
234,리,
234,모,
234,,
234,경,
234,구,
234,제,
234,℃,
234,프,
234,리,
234,모,
234,,
234,경,
234,구,
234,제,
234,9,
234,-,
234,16,
234,_,
234,blank,
235,真人,
235,代理,
235,开,
235,线,
235,『,
235,联系,
235,TG,
235,:,
235,@,B-contact
235,yabo05,I-contact
235,|,
235,QQ,
235,:,
235,1092032980,
235,』,
235,h9h9t9y9.5,
235,vht5pdf3,